run_group_id,trace,benchmark_family,split_side,experiment,experiment_kind,router,builtin_coordinator,expert_0,expert_1,seed,ipc,speedup_vs_baseline,speedup_vs_best_single,baseline_ipc,best_single_ipc,traffic_overhead_vs_baseline,l2c_load_miss,l2c_mpki,l2c_prefetch_issued_raw,l2c_prefetch_issued,l2c_prefetch_useful,l2c_prefetch_useless,l2c_prefetch_late,downstream_prefetch_accuracy,pref0_issued_total,pref1_issued_total,pref0_useful_total,pref1_useful_total,pref0_budget_total,pref1_budget_total,pref0_selected_epochs,pref1_selected_epochs,pref0_accuracy,pref1_accuracy,l1d_load_miss,llc_prefetch_useful,l2c_total_miss,l2c_rq_full,l2c_wq_full,l2c_pq_full,dram_rq_row_buffer_miss,dram_bus_congested,dram_mshr_full,branch_pred_mpki,cycles,total_instructions,warmup_instructions,simulation_instructions,epoch_len_instructions,mop_total_budget,mop_accuracy_floor,mop_fixed_split_ratio,mop_score_weights,mode,host,git_revision,duration_s,start_utc,end_utc,trace_path,log_path,stderr_path,metrics_path,epoch_trace_prefix,flags,downstream_prefetch_useful
20260417T164530.338568Z-d1d3,437.leslie3d-134B,SPEC,heldout,Pythia,single,,,,,,1.70359,1.1330677343833138,1.0,1.50352,1.70359,1.0,35586.0,3.5586,262961.0,262961.0,0.0,0.0,0.0,0.10260076589304118,0.0,0.0,0.0,0.0,0.0,0.0,0.0,0.0,0.0,0.0,92172.0,26980.0,35586.0,0.0,0.0,0.0,12188.0,26016.0,0.0,0.24,5869950.0,10000000.0,5000000,10000000,,,,,,,GS24473,801cbd7097e0698bf814076476006a7b8aa7adf1,110.88815,2026-04-17T16:45:30.369539+00:00,2026-04-17T16:47:21.257689+00:00,/home/barry/projects/github/Mixture-of-Prefetchers/artifacts/athena_traces/437.leslie3d-134B.champsimtrace.xz,/home/barry/projects/github/Mixture-of-Prefetchers/results/mop_lite_pair_mlop_pythia/runs/20260417T164530.338568Z-d1d3/logs/437.leslie3d-134B__Pythia.out,/home/barry/projects/github/Mixture-of-Prefetchers/results/mop_lite_pair_mlop_pythia/runs/20260417T164530.338568Z-d1d3/logs/437.leslie3d-134B__Pythia.err,/home/barry/projects/github/Mixture-of-Prefetchers/results/mop_lite_pair_mlop_pythia/runs/20260417T164530.338568Z-d1d3/metrics/437.leslie3d-134B__Pythia.json,,"--warmup_instructions=5000000 --simulation_instructions=10000000 --llc_replacement_type=ship --config=/home/barry/projects/github/Mixture-of-Prefetchers/external/athena/config/nopref.ini --rob_partition_size=64,128,320 --rob_frontal_partition_ids=0 --rob_dorsal_partition_ids=2 --dram_io_freq=400 --l2c_prefetcher_types=scooby --config=/home/barry/projects/github/Mixture-of-Prefetchers/external/athena/config/pythia.ini --l2c_prefetcher_force_prefetch_at_llc=true",26980.0
20260417T164530.338568Z-d1d3,437.leslie3d-134B,SPEC,heldout,MLOP,single,,,,,,1.53322,1.019753644780249,0.8999935430473295,1.50352,1.70359,1.0,35582.0,3.5582,34444.0,34444.0,0.0,0.0,0.0,0.8210138195331552,0.0,0.0,0.0,0.0,0.0,0.0,0.0,0.0,0.0,0.0,92163.0,28279.0,35582.0,0.0,0.0,0.0,8874.0,36235.0,0.0,0.24,6522221.0,10000000.0,5000000,10000000,,,,,,,GS24473,801cbd7097e0698bf814076476006a7b8aa7adf1,111.373518,2026-04-17T16:45:30.365983+00:00,2026-04-17T16:47:21.739501+00:00,/home/barry/projects/github/Mixture-of-Prefetchers/artifacts/athena_traces/437.leslie3d-134B.champsimtrace.xz,/home/barry/projects/github/Mixture-of-Prefetchers/results/mop_lite_pair_mlop_pythia/runs/20260417T164530.338568Z-d1d3/logs/437.leslie3d-134B__MLOP.out,/home/barry/projects/github/Mixture-of-Prefetchers/results/mop_lite_pair_mlop_pythia/runs/20260417T164530.338568Z-d1d3/logs/437.leslie3d-134B__MLOP.err,/home/barry/projects/github/Mixture-of-Prefetchers/results/mop_lite_pair_mlop_pythia/runs/20260417T164530.338568Z-d1d3/metrics/437.leslie3d-134B__MLOP.json,,"--warmup_instructions=5000000 --simulation_instructions=10000000 --llc_replacement_type=ship --config=/home/barry/projects/github/Mixture-of-Prefetchers/external/athena/config/nopref.ini --rob_partition_size=64,128,320 --rob_frontal_partition_ids=0 --rob_dorsal_partition_ids=2 --dram_io_freq=400 --l2c_prefetcher_types=mlop --config=/home/barry/projects/github/Mixture-of-Prefetchers/external/athena/config/mlop.ini --l2c_prefetcher_force_prefetch_at_llc=true",28279.0
20260417T164530.338568Z-d1d3,437.leslie3d-134B,SPEC,heldout,AthenaMAB,builtin,,AthenaMAB,MLOP,Pythia,,1.56601,1.0415624667447057,0.9192411319625027,1.50352,1.70359,1.0,35580.0,3.557999288400142,269888.0,269888.0,0.0,0.0,0.0,0.11780442257529049,49613.0,85656.0,17232.0,94060.0,0.0,0.0,0.0,0.0,0.3473283212061355,1.0981133837676287,92154.0,31794.0,35580.0,0.0,0.0,0.0,8267.0,38037.0,0.0,0.24,6385644.0,10000002.0,5000000,10000000,500000,,,,,,GS24473,801cbd7097e0698bf814076476006a7b8aa7adf1,115.820306,2026-04-17T16:45:30.376317+00:00,2026-04-17T16:47:26.196623+00:00,/home/barry/projects/github/Mixture-of-Prefetchers/artifacts/athena_traces/437.leslie3d-134B.champsimtrace.xz,/home/barry/projects/github/Mixture-of-Prefetchers/results/mop_lite_pair_mlop_pythia/runs/20260417T164530.338568Z-d1d3/logs/437.leslie3d-134B__AthenaMAB.out,/home/barry/projects/github/Mixture-of-Prefetchers/results/mop_lite_pair_mlop_pythia/runs/20260417T164530.338568Z-d1d3/logs/437.leslie3d-134B__AthenaMAB.err,/home/barry/projects/github/Mixture-of-Prefetchers/results/mop_lite_pair_mlop_pythia/runs/20260417T164530.338568Z-d1d3/metrics/437.leslie3d-134B__AthenaMAB.json,,"--warmup_instructions=5000000 --simulation_instructions=10000000 --llc_replacement_type=ship --config=/home/barry/projects/github/Mixture-of-Prefetchers/external/athena/config/nopref.ini --rob_partition_size=64,128,320 --rob_frontal_partition_ids=0 --rob_dorsal_partition_ids=2 --dram_io_freq=400 --config=/home/barry/projects/github/Mixture-of-Prefetchers/external/athena/config/mop_lite_mab.ini --l2c_prefetcher_types=mlop --config=/home/barry/projects/github/Mixture-of-Prefetchers/external/athena/config/mlop.ini --l2c_prefetcher_types=scooby --config=/home/barry/projects/github/Mixture-of-Prefetchers/external/athena/config/pythia.ini --l2c_prefetcher_force_prefetch_at_llc=true",31794.0
20260417T164530.338568Z-d1d3,437.leslie3d-134B,SPEC,heldout,Baseline,baseline,,,,,,1.50352,1.0,0.8825597708368798,1.50352,1.70359,0.0,35582.0,3.5581985767205695,0.0,0.0,0.0,0.0,0.0,0.0,0.0,0.0,0.0,0.0,0.0,0.0,0.0,0.0,0.0,0.0,92142.0,0.0,35582.0,0.0,0.0,0.0,12441.0,15577.0,0.0,0.24,6651044.0,10000004.0,5000000,10000000,,,,,,,GS24473,801cbd7097e0698bf814076476006a7b8aa7adf1,118.25554,2026-04-17T16:45:30.365163+00:00,2026-04-17T16:47:28.620703+00:00,/home/barry/projects/github/Mixture-of-Prefetchers/artifacts/athena_traces/437.leslie3d-134B.champsimtrace.xz,/home/barry/projects/github/Mixture-of-Prefetchers/results/mop_lite_pair_mlop_pythia/runs/20260417T164530.338568Z-d1d3/logs/437.leslie3d-134B__Baseline.out,/home/barry/projects/github/Mixture-of-Prefetchers/results/mop_lite_pair_mlop_pythia/runs/20260417T164530.338568Z-d1d3/logs/437.leslie3d-134B__Baseline.err,/home/barry/projects/github/Mixture-of-Prefetchers/results/mop_lite_pair_mlop_pythia/runs/20260417T164530.338568Z-d1d3/metrics/437.leslie3d-134B__Baseline.json,,"--warmup_instructions=5000000 --simulation_instructions=10000000 --llc_replacement_type=ship --config=/home/barry/projects/github/Mixture-of-Prefetchers/external/athena/config/nopref.ini --rob_partition_size=64,128,320 --rob_frontal_partition_ids=0 --rob_dorsal_partition_ids=2 --dram_io_freq=400",0.0
20260417T164530.338568Z-d1d3,437.leslie3d-134B,SPEC,heldout,WinnerTakeAll,router,WinnerTakeAll,,MLOP,Pythia,1,1.51506,1.0076753219112484,0.8893337011839704,1.50352,1.70359,1.0,35582.0,3.5581985767205695,40936.0,40936.0,0.0,0.0,0.0,0.27814148915380105,13312.0,18498.0,8806.0,22725.0,12288.0,49152.0,6.0,24.0,0.6615084134615384,1.228511190398962,92146.0,11386.0,35582.0,0.0,0.0,0.0,12530.0,23327.0,0.0,0.24,6600415.0,10000004.0,5000000,10000000,500000,2048,30,50,"1.0,0.25,1.0",,GS24473,801cbd7097e0698bf814076476006a7b8aa7adf1,120.225853,2026-04-17T16:45:30.374662+00:00,2026-04-17T16:47:30.600515+00:00,/home/barry/projects/github/Mixture-of-Prefetchers/artifacts/athena_traces/437.leslie3d-134B.champsimtrace.xz,/home/barry/projects/github/Mixture-of-Prefetchers/results/mop_lite_pair_mlop_pythia/runs/20260417T164530.338568Z-d1d3/logs/437.leslie3d-134B__WinnerTakeAll.out,/home/barry/projects/github/Mixture-of-Prefetchers/results/mop_lite_pair_mlop_pythia/runs/20260417T164530.338568Z-d1d3/logs/437.leslie3d-134B__WinnerTakeAll.err,/home/barry/projects/github/Mixture-of-Prefetchers/results/mop_lite_pair_mlop_pythia/runs/20260417T164530.338568Z-d1d3/metrics/437.leslie3d-134B__WinnerTakeAll.json,,"--warmup_instructions=5000000 --simulation_instructions=10000000 --llc_replacement_type=ship --config=/home/barry/projects/github/Mixture-of-Prefetchers/external/athena/config/nopref.ini --rob_partition_size=64,128,320 --rob_frontal_partition_ids=0 --rob_dorsal_partition_ids=2 --dram_io_freq=400 --config=/home/barry/projects/github/Mixture-of-Prefetchers/external/athena/config/mop_lite.ini --mop_router_type=1 --mop_seed=1 --l2c_prefetcher_types=mlop --config=/home/barry/projects/github/Mixture-of-Prefetchers/external/athena/config/mlop.ini --l2c_prefetcher_types=scooby --config=/home/barry/projects/github/Mixture-of-Prefetchers/external/athena/config/pythia.ini --l2c_prefetcher_force_prefetch_at_llc=true",11386.0
20260417T164530.338568Z-d1d3,437.leslie3d-134B,SPEC,heldout,FixedSplit,router,FixedSplit,,MLOP,Pythia,1,1.49831,0.9965347983398958,0.8795015232538346,1.50352,1.70359,1.0,35582.0,3.5581985767205695,38906.0,38906.0,0.0,0.0,0.0,0.47403999383128564,30720.0,11743.0,18295.0,14406.0,30720.0,30720.0,30.0,30.0,0.5955403645833334,1.2267733969173125,92160.0,18443.0,35582.0,0.0,0.0,0.0,9779.0,26955.0,0.0,0.24,6674183.0,10000004.0,5000000,10000000,500000,2048,30,50,"1.0,0.25,1.0",,GS24473,801cbd7097e0698bf814076476006a7b8aa7adf1,122.632303,2026-04-17T16:45:30.373896+00:00,2026-04-17T16:47:33.006199+00:00,/home/barry/projects/github/Mixture-of-Prefetchers/artifacts/athena_traces/437.leslie3d-134B.champsimtrace.xz,/home/barry/projects/github/Mixture-of-Prefetchers/results/mop_lite_pair_mlop_pythia/runs/20260417T164530.338568Z-d1d3/logs/437.leslie3d-134B__FixedSplit.out,/home/barry/projects/github/Mixture-of-Prefetchers/results/mop_lite_pair_mlop_pythia/runs/20260417T164530.338568Z-d1d3/logs/437.leslie3d-134B__FixedSplit.err,/home/barry/projects/github/Mixture-of-Prefetchers/results/mop_lite_pair_mlop_pythia/runs/20260417T164530.338568Z-d1d3/metrics/437.leslie3d-134B__FixedSplit.json,,"--warmup_instructions=5000000 --simulation_instructions=10000000 --llc_replacement_type=ship --config=/home/barry/projects/github/Mixture-of-Prefetchers/external/athena/config/nopref.ini --rob_partition_size=64,128,320 --rob_frontal_partition_ids=0 --rob_dorsal_partition_ids=2 --dram_io_freq=400 --config=/home/barry/projects/github/Mixture-of-Prefetchers/external/athena/config/mop_lite.ini --mop_router_type=0 --mop_seed=1 --l2c_prefetcher_types=mlop --config=/home/barry/projects/github/Mixture-of-Prefetchers/external/athena/config/mlop.ini --l2c_prefetcher_types=scooby --config=/home/barry/projects/github/Mixture-of-Prefetchers/external/athena/config/pythia.ini --l2c_prefetcher_force_prefetch_at_llc=true",18443.0
20260417T164530.338568Z-d1d3,437.leslie3d-134B,SPEC,heldout,MoPLite,router,MoPLite,,MLOP,Pythia,1,1.50179,0.9988493668191976,0.8815442682805135,1.50352,1.70359,1.0,35582.0,3.5581985767205695,0.0,5919.0,0.0,0.0,0.0,0.0,3074.0,2845.0,2572.0,3105.0,2050.0,6142.0,3.0,4.0,0.8366948601171112,1.0913884007029877,92142.0,0.0,35582.0,0.0,0.0,0.0,13147.0,16148.0,0.0,0.24,6658713.0,10000004.0,5000000,10000000,500000,2048,30,50,"1.0,0.25,1.0",,GS24473,801cbd7097e0698bf814076476006a7b8aa7adf1,123.848571,2026-04-17T16:45:30.373132+00:00,2026-04-17T16:47:34.221703+00:00,/home/barry/projects/github/Mixture-of-Prefetchers/artifacts/athena_traces/437.leslie3d-134B.champsimtrace.xz,/home/barry/projects/github/Mixture-of-Prefetchers/results/mop_lite_pair_mlop_pythia/runs/20260417T164530.338568Z-d1d3/logs/437.leslie3d-134B__MoPLite.out,/home/barry/projects/github/Mixture-of-Prefetchers/results/mop_lite_pair_mlop_pythia/runs/20260417T164530.338568Z-d1d3/logs/437.leslie3d-134B__MoPLite.err,/home/barry/projects/github/Mixture-of-Prefetchers/results/mop_lite_pair_mlop_pythia/runs/20260417T164530.338568Z-d1d3/metrics/437.leslie3d-134B__MoPLite.json,,"--warmup_instructions=5000000 --simulation_instructions=10000000 --llc_replacement_type=ship --config=/home/barry/projects/github/Mixture-of-Prefetchers/external/athena/config/nopref.ini --rob_partition_size=64,128,320 --rob_frontal_partition_ids=0 --rob_dorsal_partition_ids=2 --dram_io_freq=400 --config=/home/barry/projects/github/Mixture-of-Prefetchers/external/athena/config/mop_lite.ini --mop_router_type=4 --mop_seed=1 --l2c_prefetcher_types=mlop --config=/home/barry/projects/github/Mixture-of-Prefetchers/external/athena/config/mlop.ini --l2c_prefetcher_types=scooby --config=/home/barry/projects/github/Mixture-of-Prefetchers/external/athena/config/pythia.ini --l2c_prefetcher_force_prefetch_at_llc=true",0.0
20260417T164530.338568Z-d1d3,459.GemsFDTD-1169B,SPEC,heldout,Baseline,baseline,,,,,,0.94858,1.0,1.0854063208000548,0.94858,0.87394,0.0,40761.0,4.076099592390041,0.0,0.0,0.0,0.0,0.0,0.0,0.0,0.0,0.0,0.0,0.0,0.0,0.0,0.0,0.0,0.0,99106.0,0.0,50771.0,0.0,0.0,0.0,26340.0,60158.0,0.0,0.11,10542091.0,10000001.0,5000000,10000000,,,,,,,GS24473,801cbd7097e0698bf814076476006a7b8aa7adf1,128.735868,2026-04-17T16:45:30.377545+00:00,2026-04-17T16:47:39.113413+00:00,/home/barry/projects/github/Mixture-of-Prefetchers/artifacts/athena_traces/459.GemsFDTD-1169B.champsimtrace.xz,/home/barry/projects/github/Mixture-of-Prefetchers/results/mop_lite_pair_mlop_pythia/runs/20260417T164530.338568Z-d1d3/logs/459.GemsFDTD-1169B__Baseline.out,/home/barry/projects/github/Mixture-of-Prefetchers/results/mop_lite_pair_mlop_pythia/runs/20260417T164530.338568Z-d1d3/logs/459.GemsFDTD-1169B__Baseline.err,/home/barry/projects/github/Mixture-of-Prefetchers/results/mop_lite_pair_mlop_pythia/runs/20260417T164530.338568Z-d1d3/metrics/459.GemsFDTD-1169B__Baseline.json,,"--warmup_instructions=5000000 --simulation_instructions=10000000 --llc_replacement_type=ship --config=/home/barry/projects/github/Mixture-of-Prefetchers/external/athena/config/nopref.ini --rob_partition_size=64,128,320 --rob_frontal_partition_ids=0 --rob_dorsal_partition_ids=2 --dram_io_freq=400",0.0
20260417T164530.338568Z-d1d3,459.GemsFDTD-1169B,SPEC,heldout,Pythia,single,,,,,,0.87394,0.9213139640304456,1.0,0.94858,0.87394,1.0,40763.0,4.076299184740163,204679.0,204679.0,0.0,0.0,0.0,0.03641800086965444,0.0,0.0,0.0,0.0,0.0,0.0,0.0,0.0,0.0,0.0,99109.0,7454.0,50983.0,0.0,0.0,0.0,30163.0,74318.0,0.0,0.11,11442467.0,10000002.0,5000000,10000000,,,,,,,GS24473,801cbd7097e0698bf814076476006a7b8aa7adf1,134.553551,2026-04-17T16:47:21.739590+00:00,2026-04-17T16:49:36.293141+00:00,/home/barry/projects/github/Mixture-of-Prefetchers/artifacts/athena_traces/459.GemsFDTD-1169B.champsimtrace.xz,/home/barry/projects/github/Mixture-of-Prefetchers/results/mop_lite_pair_mlop_pythia/runs/20260417T164530.338568Z-d1d3/logs/459.GemsFDTD-1169B__Pythia.out,/home/barry/projects/github/Mixture-of-Prefetchers/results/mop_lite_pair_mlop_pythia/runs/20260417T164530.338568Z-d1d3/logs/459.GemsFDTD-1169B__Pythia.err,/home/barry/projects/github/Mixture-of-Prefetchers/results/mop_lite_pair_mlop_pythia/runs/20260417T164530.338568Z-d1d3/metrics/459.GemsFDTD-1169B__Pythia.json,,"--warmup_instructions=5000000 --simulation_instructions=10000000 --llc_replacement_type=ship --config=/home/barry/projects/github/Mixture-of-Prefetchers/external/athena/config/nopref.ini --rob_partition_size=64,128,320 --rob_frontal_partition_ids=0 --rob_dorsal_partition_ids=2 --dram_io_freq=400 --l2c_prefetcher_types=scooby --config=/home/barry/projects/github/Mixture-of-Prefetchers/external/athena/config/pythia.ini --l2c_prefetcher_force_prefetch_at_llc=true",7454.0
20260417T164530.338568Z-d1d3,459.GemsFDTD-1169B,SPEC,heldout,MLOP,single,,,,,,0.77836,0.8205528263298827,0.8906332242488043,0.94858,0.87394,1.0,40763.0,4.076299592370041,53104.0,53104.0,0.0,0.0,0.0,0.31956161494426033,0.0,0.0,0.0,0.0,0.0,0.0,0.0,0.0,0.0,0.0,99103.0,16970.0,50984.0,0.0,0.0,0.0,31922.0,91436.0,0.0,0.11,12847466.0,10000001.0,5000000,10000000,,,,,,,GS24473,801cbd7097e0698bf814076476006a7b8aa7adf1,136.201904,2026-04-17T16:47:21.259589+00:00,2026-04-17T16:49:37.461493+00:00,/home/barry/projects/github/Mixture-of-Prefetchers/artifacts/athena_traces/459.GemsFDTD-1169B.champsimtrace.xz,/home/barry/projects/github/Mixture-of-Prefetchers/results/mop_lite_pair_mlop_pythia/runs/20260417T164530.338568Z-d1d3/logs/459.GemsFDTD-1169B__MLOP.out,/home/barry/projects/github/Mixture-of-Prefetchers/results/mop_lite_pair_mlop_pythia/runs/20260417T164530.338568Z-d1d3/logs/459.GemsFDTD-1169B__MLOP.err,/home/barry/projects/github/Mixture-of-Prefetchers/results/mop_lite_pair_mlop_pythia/runs/20260417T164530.338568Z-d1d3/metrics/459.GemsFDTD-1169B__MLOP.json,,"--warmup_instructions=5000000 --simulation_instructions=10000000 --llc_replacement_type=ship --config=/home/barry/projects/github/Mixture-of-Prefetchers/external/athena/config/nopref.ini --rob_partition_size=64,128,320 --rob_frontal_partition_ids=0 --rob_dorsal_partition_ids=2 --dram_io_freq=400 --l2c_prefetcher_types=mlop --config=/home/barry/projects/github/Mixture-of-Prefetchers/external/athena/config/mlop.ini --l2c_prefetcher_force_prefetch_at_llc=true",16970.0
20260417T164530.338568Z-d1d3,459.GemsFDTD-1169B,SPEC,heldout,MoPLite,router,MoPLite,,MLOP,Pythia,1,0.95344,1.0051234476796895,1.0909673432958784,0.94858,0.87394,1.0,40764.0,4.0763995923600405,3033.0,3033.0,0.0,0.0,0.0,0.0019782393669634025,4183.0,4176.0,3877.0,4087.0,8794.0,13734.0,10.0,11.0,0.9268467606980636,0.9786877394636015,99107.0,6.0,50777.0,0.0,0.0,0.0,26218.0,59642.0,0.0,0.11,10488328.0,10000001.0,5000000,10000000,500000,2048,30,50,"1.0,0.25,1.0",,GS24473,801cbd7097e0698bf814076476006a7b8aa7adf1,133.407893,2026-04-17T16:47:26.196673+00:00,2026-04-17T16:49:39.604566+00:00,/home/barry/projects/github/Mixture-of-Prefetchers/artifacts/athena_traces/459.GemsFDTD-1169B.champsimtrace.xz,/home/barry/projects/github/Mixture-of-Prefetchers/results/mop_lite_pair_mlop_pythia/runs/20260417T164530.338568Z-d1d3/logs/459.GemsFDTD-1169B__MoPLite.out,/home/barry/projects/github/Mixture-of-Prefetchers/results/mop_lite_pair_mlop_pythia/runs/20260417T164530.338568Z-d1d3/logs/459.GemsFDTD-1169B__MoPLite.err,/home/barry/projects/github/Mixture-of-Prefetchers/results/mop_lite_pair_mlop_pythia/runs/20260417T164530.338568Z-d1d3/metrics/459.GemsFDTD-1169B__MoPLite.json,,"--warmup_instructions=5000000 --simulation_instructions=10000000 --llc_replacement_type=ship --config=/home/barry/projects/github/Mixture-of-Prefetchers/external/athena/config/nopref.ini --rob_partition_size=64,128,320 --rob_frontal_partition_ids=0 --rob_dorsal_partition_ids=2 --dram_io_freq=400 --config=/home/barry/projects/github/Mixture-of-Prefetchers/external/athena/config/mop_lite.ini --mop_router_type=4 --mop_seed=1 --l2c_prefetcher_types=mlop --config=/home/barry/projects/github/Mixture-of-Prefetchers/external/athena/config/mlop.ini --l2c_prefetcher_types=scooby --config=/home/barry/projects/github/Mixture-of-Prefetchers/external/athena/config/pythia.ini --l2c_prefetcher_force_prefetch_at_llc=true",6.0
20260417T164530.338568Z-d1d3,459.GemsFDTD-1169B,SPEC,heldout,WinnerTakeAll,router,WinnerTakeAll,,MLOP,Pythia,1,0.93054,0.9809820995593413,1.0647641714534177,0.94858,0.87394,1.0,40763.0,4.076299592370041,14408.0,14408.0,0.0,0.0,0.0,0.12194614103275958,10156.0,6527.0,8453.0,15040.0,40960.0,20480.0,20.0,10.0,0.832315872390705,2.304274551861498,99105.0,1757.0,50650.0,0.0,0.0,0.0,26764.0,62861.0,0.0,0.11,10746440.0,10000001.0,5000000,10000000,500000,2048,30,50,"1.0,0.25,1.0",,GS24473,801cbd7097e0698bf814076476006a7b8aa7adf1,130.416579,2026-04-17T16:47:30.600576+00:00,2026-04-17T16:49:41.017155+00:00,/home/barry/projects/github/Mixture-of-Prefetchers/artifacts/athena_traces/459.GemsFDTD-1169B.champsimtrace.xz,/home/barry/projects/github/Mixture-of-Prefetchers/results/mop_lite_pair_mlop_pythia/runs/20260417T164530.338568Z-d1d3/logs/459.GemsFDTD-1169B__WinnerTakeAll.out,/home/barry/projects/github/Mixture-of-Prefetchers/results/mop_lite_pair_mlop_pythia/runs/20260417T164530.338568Z-d1d3/logs/459.GemsFDTD-1169B__WinnerTakeAll.err,/home/barry/projects/github/Mixture-of-Prefetchers/results/mop_lite_pair_mlop_pythia/runs/20260417T164530.338568Z-d1d3/metrics/459.GemsFDTD-1169B__WinnerTakeAll.json,,"--warmup_instructions=5000000 --simulation_instructions=10000000 --llc_replacement_type=ship --config=/home/barry/projects/github/Mixture-of-Prefetchers/external/athena/config/nopref.ini --rob_partition_size=64,128,320 --rob_frontal_partition_ids=0 --rob_dorsal_partition_ids=2 --dram_io_freq=400 --config=/home/barry/projects/github/Mixture-of-Prefetchers/external/athena/config/mop_lite.ini --mop_router_type=1 --mop_seed=1 --l2c_prefetcher_types=mlop --config=/home/barry/projects/github/Mixture-of-Prefetchers/external/athena/config/mlop.ini --l2c_prefetcher_types=scooby --config=/home/barry/projects/github/Mixture-of-Prefetchers/external/athena/config/pythia.ini --l2c_prefetcher_force_prefetch_at_llc=true",1757.0
20260417T164530.338568Z-d1d3,459.GemsFDTD-1169B,SPEC,heldout,FixedSplit,router,FixedSplit,,MLOP,Pythia,1,0.92934,0.9797170507495415,1.0633910794791404,0.94858,0.87394,1.0,40764.0,4.076399184720163,27537.0,27537.0,0.0,0.0,0.0,0.07658786360169953,13049.0,9776.0,12668.0,14133.0,30720.0,30720.0,30.0,30.0,0.9708023603341253,1.4456833060556464,99109.0,2109.0,50753.0,0.0,0.0,0.0,27061.0,62954.0,0.0,0.11,10760301.0,10000002.0,5000000,10000000,500000,2048,30,50,"1.0,0.25,1.0",,GS24473,801cbd7097e0698bf814076476006a7b8aa7adf1,138.950089,2026-04-17T16:47:28.620767+00:00,2026-04-17T16:49:47.570856+00:00,/home/barry/projects/github/Mixture-of-Prefetchers/artifacts/athena_traces/459.GemsFDTD-1169B.champsimtrace.xz,/home/barry/projects/github/Mixture-of-Prefetchers/results/mop_lite_pair_mlop_pythia/runs/20260417T164530.338568Z-d1d3/logs/459.GemsFDTD-1169B__FixedSplit.out,/home/barry/projects/github/Mixture-of-Prefetchers/results/mop_lite_pair_mlop_pythia/runs/20260417T164530.338568Z-d1d3/logs/459.GemsFDTD-1169B__FixedSplit.err,/home/barry/projects/github/Mixture-of-Prefetchers/results/mop_lite_pair_mlop_pythia/runs/20260417T164530.338568Z-d1d3/metrics/459.GemsFDTD-1169B__FixedSplit.json,,"--warmup_instructions=5000000 --simulation_instructions=10000000 --llc_replacement_type=ship --config=/home/barry/projects/github/Mixture-of-Prefetchers/external/athena/config/nopref.ini --rob_partition_size=64,128,320 --rob_frontal_partition_ids=0 --rob_dorsal_partition_ids=2 --dram_io_freq=400 --config=/home/barry/projects/github/Mixture-of-Prefetchers/external/athena/config/mop_lite.ini --mop_router_type=0 --mop_seed=1 --l2c_prefetcher_types=mlop --config=/home/barry/projects/github/Mixture-of-Prefetchers/external/athena/config/mlop.ini --l2c_prefetcher_types=scooby --config=/home/barry/projects/github/Mixture-of-Prefetchers/external/athena/config/pythia.ini --l2c_prefetcher_force_prefetch_at_llc=true",2109.0
20260417T164530.338568Z-d1d3,459.GemsFDTD-1169B,SPEC,heldout,AthenaMAB,builtin,,AthenaMAB,MLOP,Pythia,,0.83079,0.8758249172447238,0.950625901091608,0.94858,0.87394,1.0,40769.0,4.076899592310041,135745.0,135745.0,0.0,0.0,0.0,0.05828575638145051,41328.0,40761.0,30095.0,48535.0,0.0,0.0,0.0,0.0,0.7281987998451414,1.1907215230244597,99102.0,7912.0,50998.0,0.0,0.0,0.0,34201.0,79850.0,0.0,0.11,12036774.0,10000001.0,5000000,10000000,500000,,,,,,GS24473,801cbd7097e0698bf814076476006a7b8aa7adf1,134.634703,2026-04-17T16:47:33.006251+00:00,2026-04-17T16:49:47.640954+00:00,/home/barry/projects/github/Mixture-of-Prefetchers/artifacts/athena_traces/459.GemsFDTD-1169B.champsimtrace.xz,/home/barry/projects/github/Mixture-of-Prefetchers/results/mop_lite_pair_mlop_pythia/runs/20260417T164530.338568Z-d1d3/logs/459.GemsFDTD-1169B__AthenaMAB.out,/home/barry/projects/github/Mixture-of-Prefetchers/results/mop_lite_pair_mlop_pythia/runs/20260417T164530.338568Z-d1d3/logs/459.GemsFDTD-1169B__AthenaMAB.err,/home/barry/projects/github/Mixture-of-Prefetchers/results/mop_lite_pair_mlop_pythia/runs/20260417T164530.338568Z-d1d3/metrics/459.GemsFDTD-1169B__AthenaMAB.json,,"--warmup_instructions=5000000 --simulation_instructions=10000000 --llc_replacement_type=ship --config=/home/barry/projects/github/Mixture-of-Prefetchers/external/athena/config/nopref.ini --rob_partition_size=64,128,320 --rob_frontal_partition_ids=0 --rob_dorsal_partition_ids=2 --dram_io_freq=400 --config=/home/barry/projects/github/Mixture-of-Prefetchers/external/athena/config/mop_lite_mab.ini --l2c_prefetcher_types=mlop --config=/home/barry/projects/github/Mixture-of-Prefetchers/external/athena/config/mlop.ini --l2c_prefetcher_types=scooby --config=/home/barry/projects/github/Mixture-of-Prefetchers/external/athena/config/pythia.ini --l2c_prefetcher_force_prefetch_at_llc=true",7912.0
20260417T164530.338568Z-d1d3,471.omnetpp-188B,SPEC,heldout,Baseline,baseline,,,,,,0.29831,1.0,1.0007380321379449,0.29831,0.29809,0.0,170467.0,17.04669659066068,0.0,0.0,0.0,0.0,0.0,0.0,0.0,0.0,0.0,0.0,0.0,0.0,0.0,0.0,0.0,0.0,206414.0,0.0,202047.0,0.0,0.0,0.0,127518.0,111205.0,0.0,5.08,33521706.0,10000002.0,5000000,10000000,,,,,,,GS24473,801cbd7097e0698bf814076476006a7b8aa7adf1,144.366279,2026-04-17T16:47:34.221802+00:00,2026-04-17T16:49:58.588081+00:00,/home/barry/projects/github/Mixture-of-Prefetchers/artifacts/athena_traces/471.omnetpp-188B.champsimtrace.xz,/home/barry/projects/github/Mixture-of-Prefetchers/results/mop_lite_pair_mlop_pythia/runs/20260417T164530.338568Z-d1d3/logs/471.omnetpp-188B__Baseline.out,/home/barry/projects/github/Mixture-of-Prefetchers/results/mop_lite_pair_mlop_pythia/runs/20260417T164530.338568Z-d1d3/logs/471.omnetpp-188B__Baseline.err,/home/barry/projects/github/Mixture-of-Prefetchers/results/mop_lite_pair_mlop_pythia/runs/20260417T164530.338568Z-d1d3/metrics/471.omnetpp-188B__Baseline.json,,"--warmup_instructions=5000000 --simulation_instructions=10000000 --llc_replacement_type=ship --config=/home/barry/projects/github/Mixture-of-Prefetchers/external/athena/config/nopref.ini --rob_partition_size=64,128,320 --rob_frontal_partition_ids=0 --rob_dorsal_partition_ids=2 --dram_io_freq=400",0.0
20260417T164530.338568Z-d1d3,471.omnetpp-188B,SPEC,heldout,MLOP,single,,,,,,0.28205,0.9454929435821796,0.9461907477607434,0.29831,0.29809,1.0,170486.0,17.04859659028068,151890.0,151890.0,0.0,0.0,0.0,0.18191454341957997,0.0,0.0,0.0,0.0,0.0,0.0,0.0,0.0,0.0,0.0,206419.0,27631.0,202034.0,0.0,0.0,0.0,210333.0,261879.0,0.0,5.08,35455339.0,10000002.0,5000000,10000000,,,,,,,GS24473,801cbd7097e0698bf814076476006a7b8aa7adf1,159.39686,2026-04-17T16:47:39.113491+00:00,2026-04-17T16:50:18.510351+00:00,/home/barry/projects/github/Mixture-of-Prefetchers/artifacts/athena_traces/471.omnetpp-188B.champsimtrace.xz,/home/barry/projects/github/Mixture-of-Prefetchers/results/mop_lite_pair_mlop_pythia/runs/20260417T164530.338568Z-d1d3/logs/471.omnetpp-188B__MLOP.out,/home/barry/projects/github/Mixture-of-Prefetchers/results/mop_lite_pair_mlop_pythia/runs/20260417T164530.338568Z-d1d3/logs/471.omnetpp-188B__MLOP.err,/home/barry/projects/github/Mixture-of-Prefetchers/results/mop_lite_pair_mlop_pythia/runs/20260417T164530.338568Z-d1d3/metrics/471.omnetpp-188B__MLOP.json,,"--warmup_instructions=5000000 --simulation_instructions=10000000 --llc_replacement_type=ship --config=/home/barry/projects/github/Mixture-of-Prefetchers/external/athena/config/nopref.ini --rob_partition_size=64,128,320 --rob_frontal_partition_ids=0 --rob_dorsal_partition_ids=2 --dram_io_freq=400 --l2c_prefetcher_types=mlop --config=/home/barry/projects/github/Mixture-of-Prefetchers/external/athena/config/mlop.ini --l2c_prefetcher_force_prefetch_at_llc=true",27631.0
20260417T164530.338568Z-d1d3,471.omnetpp-188B,SPEC,heldout,MoPLite,router,MoPLite,,MLOP,Pythia,1,0.29792,0.9986926351781703,0.9994297024388608,0.29831,0.29809,1.0,170521.0,17.05209658958068,0.0,2002.0,0.0,0.0,0.0,0.0004995004995004995,1024.0,978.0,261.0,307.0,0.0,0.0,0.0,0.0,0.2548828125,0.31390593047034765,206411.0,1.0,202140.0,0.0,0.0,0.0,127292.0,110462.0,0.0,5.08,33566545.0,10000002.0,5000000,10000000,500000,2048,30,50,"1.0,0.25,1.0",,GS24473,801cbd7097e0698bf814076476006a7b8aa7adf1,122.760512,2026-04-17T16:49:37.461564+00:00,2026-04-17T16:51:40.222076+00:00,/home/barry/projects/github/Mixture-of-Prefetchers/artifacts/athena_traces/471.omnetpp-188B.champsimtrace.xz,/home/barry/projects/github/Mixture-of-Prefetchers/results/mop_lite_pair_mlop_pythia/runs/20260417T164530.338568Z-d1d3/logs/471.omnetpp-188B__MoPLite.out,/home/barry/projects/github/Mixture-of-Prefetchers/results/mop_lite_pair_mlop_pythia/runs/20260417T164530.338568Z-d1d3/logs/471.omnetpp-188B__MoPLite.err,/home/barry/projects/github/Mixture-of-Prefetchers/results/mop_lite_pair_mlop_pythia/runs/20260417T164530.338568Z-d1d3/metrics/471.omnetpp-188B__MoPLite.json,,"--warmup_instructions=5000000 --simulation_instructions=10000000 --llc_replacement_type=ship --config=/home/barry/projects/github/Mixture-of-Prefetchers/external/athena/config/nopref.ini --rob_partition_size=64,128,320 --rob_frontal_partition_ids=0 --rob_dorsal_partition_ids=2 --dram_io_freq=400 --config=/home/barry/projects/github/Mixture-of-Prefetchers/external/athena/config/mop_lite.ini --mop_router_type=4 --mop_seed=1 --l2c_prefetcher_types=mlop --config=/home/barry/projects/github/Mixture-of-Prefetchers/external/athena/config/mlop.ini --l2c_prefetcher_types=scooby --config=/home/barry/projects/github/Mixture-of-Prefetchers/external/athena/config/pythia.ini --l2c_prefetcher_force_prefetch_at_llc=true",1.0
20260417T164530.338568Z-d1d3,parsec_2.1.canneal.simlarge.prebuilt.drop_4750M.length_250M,PARSEC,heldout,Baseline,baseline,,,,,,0.21803,1.0,0.9579104608760599,0.21803,0.22761,0.0,198288.0,19.8288,0.0,0.0,0.0,0.0,0.0,0.0,0.0,0.0,0.0,0.0,0.0,0.0,0.0,0.0,0.0,0.0,233584.0,0.0,198288.0,0.0,0.0,0.0,172326.0,112088.0,0.0,3.66,45865495.0,10000000.0,5000000,10000000,,,,,,,GS24473,801cbd7097e0698bf814076476006a7b8aa7adf1,113.585318,2026-04-17T16:49:47.641074+00:00,2026-04-17T16:51:41.226392+00:00,/home/barry/projects/github/Mixture-of-Prefetchers/artifacts/athena_traces/parsec_2.1.canneal.simlarge.prebuilt.drop_4750M.length_250M.champsimtrace.xz,/home/barry/projects/github/Mixture-of-Prefetchers/results/mop_lite_pair_mlop_pythia/runs/20260417T164530.338568Z-d1d3/logs/parsec_2.1.canneal.simlarge.prebuilt.drop_4750M.length_250M__Baseline.out,/home/barry/projects/github/Mixture-of-Prefetchers/results/mop_lite_pair_mlop_pythia/runs/20260417T164530.338568Z-d1d3/logs/parsec_2.1.canneal.simlarge.prebuilt.drop_4750M.length_250M__Baseline.err,/home/barry/projects/github/Mixture-of-Prefetchers/results/mop_lite_pair_mlop_pythia/runs/20260417T164530.338568Z-d1d3/metrics/parsec_2.1.canneal.simlarge.prebuilt.drop_4750M.length_250M__Baseline.json,,"--warmup_instructions=5000000 --simulation_instructions=10000000 --llc_replacement_type=ship --config=/home/barry/projects/github/Mixture-of-Prefetchers/external/athena/config/nopref.ini --rob_partition_size=64,128,320 --rob_frontal_partition_ids=0 --rob_dorsal_partition_ids=2 --dram_io_freq=400",0.0
20260417T164530.338568Z-d1d3,471.omnetpp-188B,SPEC,heldout,Pythia,single,,,,,,0.29809,0.9992625121517884,1.0,0.29831,0.29809,1.0,170545.0,17.054496589100683,162771.0,162771.0,0.0,0.0,0.0,0.1922148294229316,0.0,0.0,0.0,0.0,0.0,0.0,0.0,0.0,0.0,0.0,206409.0,31287.0,202121.0,0.0,0.0,0.0,198275.0,235111.0,0.0,5.08,33547422.0,10000002.0,5000000,10000000,,,,,,,GS24473,801cbd7097e0698bf814076476006a7b8aa7adf1,126.390405,2026-04-17T16:49:36.293225+00:00,2026-04-17T16:51:42.683630+00:00,/home/barry/projects/github/Mixture-of-Prefetchers/artifacts/athena_traces/471.omnetpp-188B.champsimtrace.xz,/home/barry/projects/github/Mixture-of-Prefetchers/results/mop_lite_pair_mlop_pythia/runs/20260417T164530.338568Z-d1d3/logs/471.omnetpp-188B__Pythia.out,/home/barry/projects/github/Mixture-of-Prefetchers/results/mop_lite_pair_mlop_pythia/runs/20260417T164530.338568Z-d1d3/logs/471.omnetpp-188B__Pythia.err,/home/barry/projects/github/Mixture-of-Prefetchers/results/mop_lite_pair_mlop_pythia/runs/20260417T164530.338568Z-d1d3/metrics/471.omnetpp-188B__Pythia.json,,"--warmup_instructions=5000000 --simulation_instructions=10000000 --llc_replacement_type=ship --config=/home/barry/projects/github/Mixture-of-Prefetchers/external/athena/config/nopref.ini --rob_partition_size=64,128,320 --rob_frontal_partition_ids=0 --rob_dorsal_partition_ids=2 --dram_io_freq=400 --l2c_prefetcher_types=scooby --config=/home/barry/projects/github/Mixture-of-Prefetchers/external/athena/config/pythia.ini --l2c_prefetcher_force_prefetch_at_llc=true",31287.0
20260417T164530.338568Z-d1d3,471.omnetpp-188B,SPEC,heldout,FixedSplit,router,FixedSplit,,MLOP,Pythia,1,0.29243,0.9802889611477993,0.981012445905599,0.29831,0.29809,1.0,170604.0,17.060396587920682,40960.0,40960.0,0.0,0.0,0.0,0.15009765625,30720.0,29664.0,10427.0,14689.0,30720.0,30720.0,30.0,30.0,0.33942057291666666,0.49517934196332253,206424.0,6148.0,202188.0,0.0,0.0,0.0,147442.0,145065.0,0.0,5.08,34196207.0,10000002.0,5000000,10000000,500000,2048,30,50,"1.0,0.25,1.0",,GS24473,801cbd7097e0698bf814076476006a7b8aa7adf1,123.968214,2026-04-17T16:49:39.604697+00:00,2026-04-17T16:51:43.572911+00:00,/home/barry/projects/github/Mixture-of-Prefetchers/artifacts/athena_traces/471.omnetpp-188B.champsimtrace.xz,/home/barry/projects/github/Mixture-of-Prefetchers/results/mop_lite_pair_mlop_pythia/runs/20260417T164530.338568Z-d1d3/logs/471.omnetpp-188B__FixedSplit.out,/home/barry/projects/github/Mixture-of-Prefetchers/results/mop_lite_pair_mlop_pythia/runs/20260417T164530.338568Z-d1d3/logs/471.omnetpp-188B__FixedSplit.err,/home/barry/projects/github/Mixture-of-Prefetchers/results/mop_lite_pair_mlop_pythia/runs/20260417T164530.338568Z-d1d3/metrics/471.omnetpp-188B__FixedSplit.json,,"--warmup_instructions=5000000 --simulation_instructions=10000000 --llc_replacement_type=ship --config=/home/barry/projects/github/Mixture-of-Prefetchers/external/athena/config/nopref.ini --rob_partition_size=64,128,320 --rob_frontal_partition_ids=0 --rob_dorsal_partition_ids=2 --dram_io_freq=400 --config=/home/barry/projects/github/Mixture-of-Prefetchers/external/athena/config/mop_lite.ini --mop_router_type=0 --mop_seed=1 --l2c_prefetcher_types=mlop --config=/home/barry/projects/github/Mixture-of-Prefetchers/external/athena/config/mlop.ini --l2c_prefetcher_types=scooby --config=/home/barry/projects/github/Mixture-of-Prefetchers/external/athena/config/pythia.ini --l2c_prefetcher_force_prefetch_at_llc=true",6148.0
20260417T164530.338568Z-d1d3,471.omnetpp-188B,SPEC,heldout,WinnerTakeAll,router,WinnerTakeAll,,MLOP,Pythia,1,0.29492,0.9886359827025577,0.989365627830521,0.29831,0.29809,1.0,170598.0,17.059796588040683,40960.0,40960.0,0.0,0.0,0.0,0.1928955078125,33792.0,26546.0,11418.0,12401.0,32768.0,28672.0,16.0,14.0,0.337890625,0.4671513599035636,206417.0,7901.0,202157.0,0.0,0.0,0.0,151015.0,151552.0,0.0,5.08,33907992.0,10000002.0,5000000,10000000,500000,2048,30,50,"1.0,0.25,1.0",,GS24473,801cbd7097e0698bf814076476006a7b8aa7adf1,123.812373,2026-04-17T16:49:41.017232+00:00,2026-04-17T16:51:44.829605+00:00,/home/barry/projects/github/Mixture-of-Prefetchers/artifacts/athena_traces/471.omnetpp-188B.champsimtrace.xz,/home/barry/projects/github/Mixture-of-Prefetchers/results/mop_lite_pair_mlop_pythia/runs/20260417T164530.338568Z-d1d3/logs/471.omnetpp-188B__WinnerTakeAll.out,/home/barry/projects/github/Mixture-of-Prefetchers/results/mop_lite_pair_mlop_pythia/runs/20260417T164530.338568Z-d1d3/logs/471.omnetpp-188B__WinnerTakeAll.err,/home/barry/projects/github/Mixture-of-Prefetchers/results/mop_lite_pair_mlop_pythia/runs/20260417T164530.338568Z-d1d3/metrics/471.omnetpp-188B__WinnerTakeAll.json,,"--warmup_instructions=5000000 --simulation_instructions=10000000 --llc_replacement_type=ship --config=/home/barry/projects/github/Mixture-of-Prefetchers/external/athena/config/nopref.ini --rob_partition_size=64,128,320 --rob_frontal_partition_ids=0 --rob_dorsal_partition_ids=2 --dram_io_freq=400 --config=/home/barry/projects/github/Mixture-of-Prefetchers/external/athena/config/mop_lite.ini --mop_router_type=1 --mop_seed=1 --l2c_prefetcher_types=mlop --config=/home/barry/projects/github/Mixture-of-Prefetchers/external/athena/config/mlop.ini --l2c_prefetcher_types=scooby --config=/home/barry/projects/github/Mixture-of-Prefetchers/external/athena/config/pythia.ini --l2c_prefetcher_force_prefetch_at_llc=true",7901.0
20260417T164530.338568Z-d1d3,471.omnetpp-188B,SPEC,heldout,AthenaMAB,builtin,,AthenaMAB,MLOP,Pythia,,0.28575,0.9578961483021018,0.9586031064443624,0.29831,0.29809,1.0,170589.0,17.058896588220684,60685.0,60685.0,0.0,0.0,0.0,0.15870478701491308,66905.0,56558.0,21114.0,25167.0,0.0,0.0,0.0,0.0,0.3155817950825798,0.4449768379362778,206424.0,9631.0,202177.0,0.0,0.0,0.0,160281.0,159685.0,0.0,5.08,34995805.0,10000002.0,5000000,10000000,500000,,,,,,GS24473,801cbd7097e0698bf814076476006a7b8aa7adf1,119.971193,2026-04-17T16:49:47.570942+00:00,2026-04-17T16:51:47.542135+00:00,/home/barry/projects/github/Mixture-of-Prefetchers/artifacts/athena_traces/471.omnetpp-188B.champsimtrace.xz,/home/barry/projects/github/Mixture-of-Prefetchers/results/mop_lite_pair_mlop_pythia/runs/20260417T164530.338568Z-d1d3/logs/471.omnetpp-188B__AthenaMAB.out,/home/barry/projects/github/Mixture-of-Prefetchers/results/mop_lite_pair_mlop_pythia/runs/20260417T164530.338568Z-d1d3/logs/471.omnetpp-188B__AthenaMAB.err,/home/barry/projects/github/Mixture-of-Prefetchers/results/mop_lite_pair_mlop_pythia/runs/20260417T164530.338568Z-d1d3/metrics/471.omnetpp-188B__AthenaMAB.json,,"--warmup_instructions=5000000 --simulation_instructions=10000000 --llc_replacement_type=ship --config=/home/barry/projects/github/Mixture-of-Prefetchers/external/athena/config/nopref.ini --rob_partition_size=64,128,320 --rob_frontal_partition_ids=0 --rob_dorsal_partition_ids=2 --dram_io_freq=400 --config=/home/barry/projects/github/Mixture-of-Prefetchers/external/athena/config/mop_lite_mab.ini --l2c_prefetcher_types=mlop --config=/home/barry/projects/github/Mixture-of-Prefetchers/external/athena/config/mlop.ini --l2c_prefetcher_types=scooby --config=/home/barry/projects/github/Mixture-of-Prefetchers/external/athena/config/pythia.ini --l2c_prefetcher_force_prefetch_at_llc=true",9631.0
20260417T164530.338568Z-d1d3,parsec_2.1.canneal.simlarge.prebuilt.drop_4750M.length_250M,PARSEC,heldout,MLOP,single,,,,,,0.21893,1.00412787231115,0.961864592944071,0.21803,0.22761,1.0,198289.0,19.8289,79609.0,79609.0,0.0,0.0,0.0,0.07540604705498122,0.0,0.0,0.0,0.0,0.0,0.0,0.0,0.0,0.0,0.0,233584.0,6003.0,198289.0,0.0,0.0,0.0,243675.0,214703.0,0.0,3.66,45676645.0,10000000.0,5000000,10000000,,,,,,,GS24473,801cbd7097e0698bf814076476006a7b8aa7adf1,110.932258,2026-04-17T16:49:58.588157+00:00,2026-04-17T16:51:49.520415+00:00,/home/barry/projects/github/Mixture-of-Prefetchers/artifacts/athena_traces/parsec_2.1.canneal.simlarge.prebuilt.drop_4750M.length_250M.champsimtrace.xz,/home/barry/projects/github/Mixture-of-Prefetchers/results/mop_lite_pair_mlop_pythia/runs/20260417T164530.338568Z-d1d3/logs/parsec_2.1.canneal.simlarge.prebuilt.drop_4750M.length_250M__MLOP.out,/home/barry/projects/github/Mixture-of-Prefetchers/results/mop_lite_pair_mlop_pythia/runs/20260417T164530.338568Z-d1d3/logs/parsec_2.1.canneal.simlarge.prebuilt.drop_4750M.length_250M__MLOP.err,/home/barry/projects/github/Mixture-of-Prefetchers/results/mop_lite_pair_mlop_pythia/runs/20260417T164530.338568Z-d1d3/metrics/parsec_2.1.canneal.simlarge.prebuilt.drop_4750M.length_250M__MLOP.json,,"--warmup_instructions=5000000 --simulation_instructions=10000000 --llc_replacement_type=ship --config=/home/barry/projects/github/Mixture-of-Prefetchers/external/athena/config/nopref.ini --rob_partition_size=64,128,320 --rob_frontal_partition_ids=0 --rob_dorsal_partition_ids=2 --dram_io_freq=400 --l2c_prefetcher_types=mlop --config=/home/barry/projects/github/Mixture-of-Prefetchers/external/athena/config/mlop.ini --l2c_prefetcher_force_prefetch_at_llc=true",6003.0
20260417T164530.338568Z-d1d3,parsec_2.1.canneal.simlarge.prebuilt.drop_4750M.length_250M,PARSEC,heldout,Pythia,single,,,,,,0.22761,1.043938907489795,1.0,0.21803,0.22761,1.0,198192.0,19.8192,83863.0,83863.0,0.0,0.0,0.0,0.176418682851794,0.0,0.0,0.0,0.0,0.0,0.0,0.0,0.0,0.0,0.0,233584.0,14795.0,198192.0,0.0,0.0,0.0,208213.0,176243.0,0.0,3.66,43934141.0,10000000.0,5000000,10000000,,,,,,,GS24473,801cbd7097e0698bf814076476006a7b8aa7adf1,104.997611,2026-04-17T16:50:18.510395+00:00,2026-04-17T16:52:03.508006+00:00,/home/barry/projects/github/Mixture-of-Prefetchers/artifacts/athena_traces/parsec_2.1.canneal.simlarge.prebuilt.drop_4750M.length_250M.champsimtrace.xz,/home/barry/projects/github/Mixture-of-Prefetchers/results/mop_lite_pair_mlop_pythia/runs/20260417T164530.338568Z-d1d3/logs/parsec_2.1.canneal.simlarge.prebuilt.drop_4750M.length_250M__Pythia.out,/home/barry/projects/github/Mixture-of-Prefetchers/results/mop_lite_pair_mlop_pythia/runs/20260417T164530.338568Z-d1d3/logs/parsec_2.1.canneal.simlarge.prebuilt.drop_4750M.length_250M__Pythia.err,/home/barry/projects/github/Mixture-of-Prefetchers/results/mop_lite_pair_mlop_pythia/runs/20260417T164530.338568Z-d1d3/metrics/parsec_2.1.canneal.simlarge.prebuilt.drop_4750M.length_250M__Pythia.json,,"--warmup_instructions=5000000 --simulation_instructions=10000000 --llc_replacement_type=ship --config=/home/barry/projects/github/Mixture-of-Prefetchers/external/athena/config/nopref.ini --rob_partition_size=64,128,320 --rob_frontal_partition_ids=0 --rob_dorsal_partition_ids=2 --dram_io_freq=400 --l2c_prefetcher_types=scooby --config=/home/barry/projects/github/Mixture-of-Prefetchers/external/athena/config/pythia.ini --l2c_prefetcher_force_prefetch_at_llc=true",14795.0
20260417T164530.338568Z-d1d3,parsec_2.1.streamcluster.simlarge.prebuilt.drop_0M.length_250M,PARSEC,heldout,Baseline,baseline,,,,,,0.89985,1.0,1.000088911610745,0.89985,0.89977,0.0,10467.0,1.0466998953300104,0.0,0.0,0.0,0.0,0.0,0.0,0.0,0.0,0.0,0.0,0.0,0.0,0.0,0.0,0.0,0.0,10467.0,0.0,10467.0,0.0,0.0,0.0,96.0,0.0,0.0,0.13,11112937.0,10000001.0,5000000,10000000,,,,,,,GS24473,801cbd7097e0698bf814076476006a7b8aa7adf1,75.159467,2026-04-17T16:51:44.829660+00:00,2026-04-17T16:52:59.989127+00:00,/home/barry/projects/github/Mixture-of-Prefetchers/artifacts/athena_traces/parsec_2.1.streamcluster.simlarge.prebuilt.drop_0M.length_250M.champsimtrace.xz,/home/barry/projects/github/Mixture-of-Prefetchers/results/mop_lite_pair_mlop_pythia/runs/20260417T164530.338568Z-d1d3/logs/parsec_2.1.streamcluster.simlarge.prebuilt.drop_0M.length_250M__Baseline.out,/home/barry/projects/github/Mixture-of-Prefetchers/results/mop_lite_pair_mlop_pythia/runs/20260417T164530.338568Z-d1d3/logs/parsec_2.1.streamcluster.simlarge.prebuilt.drop_0M.length_250M__Baseline.err,/home/barry/projects/github/Mixture-of-Prefetchers/results/mop_lite_pair_mlop_pythia/runs/20260417T164530.338568Z-d1d3/metrics/parsec_2.1.streamcluster.simlarge.prebuilt.drop_0M.length_250M__Baseline.json,,"--warmup_instructions=5000000 --simulation_instructions=10000000 --llc_replacement_type=ship --config=/home/barry/projects/github/Mixture-of-Prefetchers/external/athena/config/nopref.ini --rob_partition_size=64,128,320 --rob_frontal_partition_ids=0 --rob_dorsal_partition_ids=2 --dram_io_freq=400",0.0
20260417T164530.338568Z-d1d3,parsec_2.1.streamcluster.simlarge.prebuilt.drop_0M.length_250M,PARSEC,heldout,MLOP,single,,,,,,0.89977,0.9999110962938267,1.0,0.89985,0.89977,1.0,10467.0,1.0466998953300104,10303.0,10303.0,0.0,0.0,0.0,1.0,0.0,0.0,0.0,0.0,0.0,0.0,0.0,0.0,0.0,0.0,10467.0,10303.0,10467.0,0.0,0.0,0.0,152.0,2639.0,0.0,0.13,11113981.0,10000001.0,5000000,10000000,,,,,,,GS24473,801cbd7097e0698bf814076476006a7b8aa7adf1,73.807576,2026-04-17T16:51:47.542172+00:00,2026-04-17T16:53:01.349748+00:00,/home/barry/projects/github/Mixture-of-Prefetchers/artifacts/athena_traces/parsec_2.1.streamcluster.simlarge.prebuilt.drop_0M.length_250M.champsimtrace.xz,/home/barry/projects/github/Mixture-of-Prefetchers/results/mop_lite_pair_mlop_pythia/runs/20260417T164530.338568Z-d1d3/logs/parsec_2.1.streamcluster.simlarge.prebuilt.drop_0M.length_250M__MLOP.out,/home/barry/projects/github/Mixture-of-Prefetchers/results/mop_lite_pair_mlop_pythia/runs/20260417T164530.338568Z-d1d3/logs/parsec_2.1.streamcluster.simlarge.prebuilt.drop_0M.length_250M__MLOP.err,/home/barry/projects/github/Mixture-of-Prefetchers/results/mop_lite_pair_mlop_pythia/runs/20260417T164530.338568Z-d1d3/metrics/parsec_2.1.streamcluster.simlarge.prebuilt.drop_0M.length_250M__MLOP.json,,"--warmup_instructions=5000000 --simulation_instructions=10000000 --llc_replacement_type=ship --config=/home/barry/projects/github/Mixture-of-Prefetchers/external/athena/config/nopref.ini --rob_partition_size=64,128,320 --rob_frontal_partition_ids=0 --rob_dorsal_partition_ids=2 --dram_io_freq=400 --l2c_prefetcher_types=mlop --config=/home/barry/projects/github/Mixture-of-Prefetchers/external/athena/config/mlop.ini --l2c_prefetcher_force_prefetch_at_llc=true",10303.0
20260417T164530.338568Z-d1d3,parsec_2.1.streamcluster.simlarge.prebuilt.drop_0M.length_250M,PARSEC,heldout,Pythia,single,,,,,,0.89977,0.9999110962938267,1.0,0.89985,0.89977,1.0,10467.0,1.0466998953300104,36059.0,36059.0,0.0,0.0,0.0,0.28564297401480904,0.0,0.0,0.0,0.0,0.0,0.0,0.0,0.0,0.0,0.0,10467.0,10300.0,10467.0,0.0,0.0,0.0,96.0,673.0,0.0,0.13,11113981.0,10000001.0,5000000,10000000,,,,,,,GS24473,801cbd7097e0698bf814076476006a7b8aa7adf1,73.688209,2026-04-17T16:51:49.520452+00:00,2026-04-17T16:53:03.208661+00:00,/home/barry/projects/github/Mixture-of-Prefetchers/artifacts/athena_traces/parsec_2.1.streamcluster.simlarge.prebuilt.drop_0M.length_250M.champsimtrace.xz,/home/barry/projects/github/Mixture-of-Prefetchers/results/mop_lite_pair_mlop_pythia/runs/20260417T164530.338568Z-d1d3/logs/parsec_2.1.streamcluster.simlarge.prebuilt.drop_0M.length_250M__Pythia.out,/home/barry/projects/github/Mixture-of-Prefetchers/results/mop_lite_pair_mlop_pythia/runs/20260417T164530.338568Z-d1d3/logs/parsec_2.1.streamcluster.simlarge.prebuilt.drop_0M.length_250M__Pythia.err,/home/barry/projects/github/Mixture-of-Prefetchers/results/mop_lite_pair_mlop_pythia/runs/20260417T164530.338568Z-d1d3/metrics/parsec_2.1.streamcluster.simlarge.prebuilt.drop_0M.length_250M__Pythia.json,,"--warmup_instructions=5000000 --simulation_instructions=10000000 --llc_replacement_type=ship --config=/home/barry/projects/github/Mixture-of-Prefetchers/external/athena/config/nopref.ini --rob_partition_size=64,128,320 --rob_frontal_partition_ids=0 --rob_dorsal_partition_ids=2 --dram_io_freq=400 --l2c_prefetcher_types=scooby --config=/home/barry/projects/github/Mixture-of-Prefetchers/external/athena/config/pythia.ini --l2c_prefetcher_force_prefetch_at_llc=true",10300.0
20260417T164530.338568Z-d1d3,parsec_2.1.canneal.simlarge.prebuilt.drop_4750M.length_250M,PARSEC,heldout,MoPLite,router,MoPLite,,MLOP,Pythia,1,0.21819,1.0007338439664266,0.9586134176881508,0.21803,0.22761,1.0,198200.0,19.82,0.0,2039.0,0.0,0.0,0.0,0.0029426189308484553,1024.0,1015.0,269.0,385.0,0.0,0.0,0.0,0.0,0.2626953125,0.3793103448275862,233584.0,6.0,198200.0,0.0,0.0,0.0,171944.0,111239.0,0.0,3.66,45832396.0,10000000.0,5000000,10000000,500000,2048,30,50,"1.0,0.25,1.0",,GS24473,801cbd7097e0698bf814076476006a7b8aa7adf1,83.473408,2026-04-17T16:51:40.222122+00:00,2026-04-17T16:53:03.695530+00:00,/home/barry/projects/github/Mixture-of-Prefetchers/artifacts/athena_traces/parsec_2.1.canneal.simlarge.prebuilt.drop_4750M.length_250M.champsimtrace.xz,/home/barry/projects/github/Mixture-of-Prefetchers/results/mop_lite_pair_mlop_pythia/runs/20260417T164530.338568Z-d1d3/logs/parsec_2.1.canneal.simlarge.prebuilt.drop_4750M.length_250M__MoPLite.out,/home/barry/projects/github/Mixture-of-Prefetchers/results/mop_lite_pair_mlop_pythia/runs/20260417T164530.338568Z-d1d3/logs/parsec_2.1.canneal.simlarge.prebuilt.drop_4750M.length_250M__MoPLite.err,/home/barry/projects/github/Mixture-of-Prefetchers/results/mop_lite_pair_mlop_pythia/runs/20260417T164530.338568Z-d1d3/metrics/parsec_2.1.canneal.simlarge.prebuilt.drop_4750M.length_250M__MoPLite.json,,"--warmup_instructions=5000000 --simulation_instructions=10000000 --llc_replacement_type=ship --config=/home/barry/projects/github/Mixture-of-Prefetchers/external/athena/config/nopref.ini --rob_partition_size=64,128,320 --rob_frontal_partition_ids=0 --rob_dorsal_partition_ids=2 --dram_io_freq=400 --config=/home/barry/projects/github/Mixture-of-Prefetchers/external/athena/config/mop_lite.ini --mop_router_type=4 --mop_seed=1 --l2c_prefetcher_types=mlop --config=/home/barry/projects/github/Mixture-of-Prefetchers/external/athena/config/mlop.ini --l2c_prefetcher_types=scooby --config=/home/barry/projects/github/Mixture-of-Prefetchers/external/athena/config/pythia.ini --l2c_prefetcher_force_prefetch_at_llc=true",6.0
20260417T164530.338568Z-d1d3,parsec_2.1.canneal.simlarge.prebuilt.drop_4750M.length_250M,PARSEC,heldout,FixedSplit,router,FixedSplit,,MLOP,Pythia,1,0.21976,1.0079346878869881,0.9655111814067924,0.21803,0.22761,1.0,198261.0,19.8261,40959.0,40959.0,0.0,0.0,0.0,0.11611611611611612,23552.0,28233.0,2822.0,19560.0,30720.0,30720.0,30.0,30.0,0.11981997282608696,0.692806290511104,233584.0,4756.0,198261.0,0.0,0.0,0.0,198264.0,156314.0,0.0,3.66,45504763.0,10000000.0,5000000,10000000,500000,2048,30,50,"1.0,0.25,1.0",,GS24473,801cbd7097e0698bf814076476006a7b8aa7adf1,84.060629,2026-04-17T16:51:41.226448+00:00,2026-04-17T16:53:05.287077+00:00,/home/barry/projects/github/Mixture-of-Prefetchers/artifacts/athena_traces/parsec_2.1.canneal.simlarge.prebuilt.drop_4750M.length_250M.champsimtrace.xz,/home/barry/projects/github/Mixture-of-Prefetchers/results/mop_lite_pair_mlop_pythia/runs/20260417T164530.338568Z-d1d3/logs/parsec_2.1.canneal.simlarge.prebuilt.drop_4750M.length_250M__FixedSplit.out,/home/barry/projects/github/Mixture-of-Prefetchers/results/mop_lite_pair_mlop_pythia/runs/20260417T164530.338568Z-d1d3/logs/parsec_2.1.canneal.simlarge.prebuilt.drop_4750M.length_250M__FixedSplit.err,/home/barry/projects/github/Mixture-of-Prefetchers/results/mop_lite_pair_mlop_pythia/runs/20260417T164530.338568Z-d1d3/metrics/parsec_2.1.canneal.simlarge.prebuilt.drop_4750M.length_250M__FixedSplit.json,,"--warmup_instructions=5000000 --simulation_instructions=10000000 --llc_replacement_type=ship --config=/home/barry/projects/github/Mixture-of-Prefetchers/external/athena/config/nopref.ini --rob_partition_size=64,128,320 --rob_frontal_partition_ids=0 --rob_dorsal_partition_ids=2 --dram_io_freq=400 --config=/home/barry/projects/github/Mixture-of-Prefetchers/external/athena/config/mop_lite.ini --mop_router_type=0 --mop_seed=1 --l2c_prefetcher_types=mlop --config=/home/barry/projects/github/Mixture-of-Prefetchers/external/athena/config/mlop.ini --l2c_prefetcher_types=scooby --config=/home/barry/projects/github/Mixture-of-Prefetchers/external/athena/config/pythia.ini --l2c_prefetcher_force_prefetch_at_llc=true",4756.0
20260417T164530.338568Z-d1d3,parsec_2.1.canneal.simlarge.prebuilt.drop_4750M.length_250M,PARSEC,heldout,AthenaMAB,builtin,,AthenaMAB,MLOP,Pythia,,0.22233,1.0197220565977159,0.9768024252010017,0.21803,0.22761,1.0,198353.0,19.8353,51093.0,51093.0,0.0,0.0,0.0,0.16047208032411486,11672.0,78362.0,1185.0,23219.0,0.0,0.0,0.0,0.0,0.10152501713502399,0.2963043311809295,233584.0,8199.0,198353.0,0.0,0.0,0.0,199153.0,160356.0,0.0,3.66,44978083.0,10000000.0,5000000,10000000,500000,,,,,,GS24473,801cbd7097e0698bf814076476006a7b8aa7adf1,81.806155,2026-04-17T16:51:43.572979+00:00,2026-04-17T16:53:05.379134+00:00,/home/barry/projects/github/Mixture-of-Prefetchers/artifacts/athena_traces/parsec_2.1.canneal.simlarge.prebuilt.drop_4750M.length_250M.champsimtrace.xz,/home/barry/projects/github/Mixture-of-Prefetchers/results/mop_lite_pair_mlop_pythia/runs/20260417T164530.338568Z-d1d3/logs/parsec_2.1.canneal.simlarge.prebuilt.drop_4750M.length_250M__AthenaMAB.out,/home/barry/projects/github/Mixture-of-Prefetchers/results/mop_lite_pair_mlop_pythia/runs/20260417T164530.338568Z-d1d3/logs/parsec_2.1.canneal.simlarge.prebuilt.drop_4750M.length_250M__AthenaMAB.err,/home/barry/projects/github/Mixture-of-Prefetchers/results/mop_lite_pair_mlop_pythia/runs/20260417T164530.338568Z-d1d3/metrics/parsec_2.1.canneal.simlarge.prebuilt.drop_4750M.length_250M__AthenaMAB.json,,"--warmup_instructions=5000000 --simulation_instructions=10000000 --llc_replacement_type=ship --config=/home/barry/projects/github/Mixture-of-Prefetchers/external/athena/config/nopref.ini --rob_partition_size=64,128,320 --rob_frontal_partition_ids=0 --rob_dorsal_partition_ids=2 --dram_io_freq=400 --config=/home/barry/projects/github/Mixture-of-Prefetchers/external/athena/config/mop_lite_mab.ini --l2c_prefetcher_types=mlop --config=/home/barry/projects/github/Mixture-of-Prefetchers/external/athena/config/mlop.ini --l2c_prefetcher_types=scooby --config=/home/barry/projects/github/Mixture-of-Prefetchers/external/athena/config/pythia.ini --l2c_prefetcher_force_prefetch_at_llc=true",8199.0
20260417T164530.338568Z-d1d3,parsec_2.1.canneal.simlarge.prebuilt.drop_4750M.length_250M,PARSEC,heldout,WinnerTakeAll,router,WinnerTakeAll,,MLOP,Pythia,1,0.21883,1.003669219832133,0.9614252449365142,0.21803,0.22761,1.0,198265.0,19.8265,37881.0,37881.0,0.0,0.0,0.0,0.09577360682136163,42054.0,1015.0,4865.0,385.0,61440.0,0.0,30.0,0.0,0.11568459599562467,0.3793103448275862,233584.0,3628.0,198265.0,0.0,0.0,0.0,206688.0,164059.0,0.0,3.66,45698039.0,10000000.0,5000000,10000000,500000,2048,30,50,"1.0,0.25,1.0",,GS24473,801cbd7097e0698bf814076476006a7b8aa7adf1,82.740223,2026-04-17T16:51:42.683685+00:00,2026-04-17T16:53:05.423908+00:00,/home/barry/projects/github/Mixture-of-Prefetchers/artifacts/athena_traces/parsec_2.1.canneal.simlarge.prebuilt.drop_4750M.length_250M.champsimtrace.xz,/home/barry/projects/github/Mixture-of-Prefetchers/results/mop_lite_pair_mlop_pythia/runs/20260417T164530.338568Z-d1d3/logs/parsec_2.1.canneal.simlarge.prebuilt.drop_4750M.length_250M__WinnerTakeAll.out,/home/barry/projects/github/Mixture-of-Prefetchers/results/mop_lite_pair_mlop_pythia/runs/20260417T164530.338568Z-d1d3/logs/parsec_2.1.canneal.simlarge.prebuilt.drop_4750M.length_250M__WinnerTakeAll.err,/home/barry/projects/github/Mixture-of-Prefetchers/results/mop_lite_pair_mlop_pythia/runs/20260417T164530.338568Z-d1d3/metrics/parsec_2.1.canneal.simlarge.prebuilt.drop_4750M.length_250M__WinnerTakeAll.json,,"--warmup_instructions=5000000 --simulation_instructions=10000000 --llc_replacement_type=ship --config=/home/barry/projects/github/Mixture-of-Prefetchers/external/athena/config/nopref.ini --rob_partition_size=64,128,320 --rob_frontal_partition_ids=0 --rob_dorsal_partition_ids=2 --dram_io_freq=400 --config=/home/barry/projects/github/Mixture-of-Prefetchers/external/athena/config/mop_lite.ini --mop_router_type=1 --mop_seed=1 --l2c_prefetcher_types=mlop --config=/home/barry/projects/github/Mixture-of-Prefetchers/external/athena/config/mlop.ini --l2c_prefetcher_types=scooby --config=/home/barry/projects/github/Mixture-of-Prefetchers/external/athena/config/pythia.ini --l2c_prefetcher_force_prefetch_at_llc=true",3628.0
20260417T164530.338568Z-d1d3,parsec_2.1.streamcluster.simlarge.prebuilt.drop_0M.length_250M,PARSEC,heldout,MoPLite,router,MoPLite,,MLOP,Pythia,1,0.89977,0.9999110962938267,1.0,0.89985,0.89977,1.0,10467.0,1.0466998953300104,35005.0,35005.0,0.0,0.0,0.0,0.29432938151692617,15978.0,10958.0,15414.0,10864.0,23999.0,37441.0,30.0,30.0,0.9647014645137063,0.9914217922978645,10467.0,10303.0,10467.0,0.0,0.0,0.0,128.0,2639.0,0.0,0.13,11113981.0,10000001.0,5000000,10000000,500000,2048,30,50,"1.0,0.25,1.0",,GS24473,801cbd7097e0698bf814076476006a7b8aa7adf1,68.00611,2026-04-17T16:52:03.508056+00:00,2026-04-17T16:53:11.514166+00:00,/home/barry/projects/github/Mixture-of-Prefetchers/artifacts/athena_traces/parsec_2.1.streamcluster.simlarge.prebuilt.drop_0M.length_250M.champsimtrace.xz,/home/barry/projects/github/Mixture-of-Prefetchers/results/mop_lite_pair_mlop_pythia/runs/20260417T164530.338568Z-d1d3/logs/parsec_2.1.streamcluster.simlarge.prebuilt.drop_0M.length_250M__MoPLite.out,/home/barry/projects/github/Mixture-of-Prefetchers/results/mop_lite_pair_mlop_pythia/runs/20260417T164530.338568Z-d1d3/logs/parsec_2.1.streamcluster.simlarge.prebuilt.drop_0M.length_250M__MoPLite.err,/home/barry/projects/github/Mixture-of-Prefetchers/results/mop_lite_pair_mlop_pythia/runs/20260417T164530.338568Z-d1d3/metrics/parsec_2.1.streamcluster.simlarge.prebuilt.drop_0M.length_250M__MoPLite.json,,"--warmup_instructions=5000000 --simulation_instructions=10000000 --llc_replacement_type=ship --config=/home/barry/projects/github/Mixture-of-Prefetchers/external/athena/config/nopref.ini --rob_partition_size=64,128,320 --rob_frontal_partition_ids=0 --rob_dorsal_partition_ids=2 --dram_io_freq=400 --config=/home/barry/projects/github/Mixture-of-Prefetchers/external/athena/config/mop_lite.ini --mop_router_type=4 --mop_seed=1 --l2c_prefetcher_types=mlop --config=/home/barry/projects/github/Mixture-of-Prefetchers/external/athena/config/mlop.ini --l2c_prefetcher_types=scooby --config=/home/barry/projects/github/Mixture-of-Prefetchers/external/athena/config/pythia.ini --l2c_prefetcher_force_prefetch_at_llc=true",10303.0
20260417T164530.338568Z-d1d3,ligra_BC.com-lj.ungraph.gcc_6.3.0_O3.drop_500M.length_250M,LIGRA,heldout,Baseline,baseline,,,,,,1.12649,1.0,0.9999911229471815,1.12649,1.1265,0.0,23127.0,2.312699768730023,0.0,0.0,0.0,0.0,0.0,0.0,0.0,0.0,0.0,0.0,0.0,0.0,0.0,0.0,0.0,0.0,23127.0,0.0,23127.0,0.0,0.0,0.0,248.0,0.0,0.0,2.31,8877136.0,10000001.0,5000000,10000000,,,,,,,GS24473,801cbd7097e0698bf814076476006a7b8aa7adf1,20.722864,2026-04-17T16:53:03.695609+00:00,2026-04-17T16:53:24.418473+00:00,/home/barry/projects/github/Mixture-of-Prefetchers/artifacts/athena_traces/ligra_BC.com-lj.ungraph.gcc_6.3.0_O3.drop_500M.length_250M.champsimtrace.xz,/home/barry/projects/github/Mixture-of-Prefetchers/results/mop_lite_pair_mlop_pythia/runs/20260417T164530.338568Z-d1d3/logs/ligra_BC.com-lj.ungraph.gcc_6.3.0_O3.drop_500M.length_250M__Baseline.out,/home/barry/projects/github/Mixture-of-Prefetchers/results/mop_lite_pair_mlop_pythia/runs/20260417T164530.338568Z-d1d3/logs/ligra_BC.com-lj.ungraph.gcc_6.3.0_O3.drop_500M.length_250M__Baseline.err,/home/barry/projects/github/Mixture-of-Prefetchers/results/mop_lite_pair_mlop_pythia/runs/20260417T164530.338568Z-d1d3/metrics/ligra_BC.com-lj.ungraph.gcc_6.3.0_O3.drop_500M.length_250M__Baseline.json,,"--warmup_instructions=5000000 --simulation_instructions=10000000 --llc_replacement_type=ship --config=/home/barry/projects/github/Mixture-of-Prefetchers/external/athena/config/nopref.ini --rob_partition_size=64,128,320 --rob_frontal_partition_ids=0 --rob_dorsal_partition_ids=2 --dram_io_freq=400",0.0
20260417T164530.338568Z-d1d3,ligra_BC.com-lj.ungraph.gcc_6.3.0_O3.drop_500M.length_250M,LIGRA,heldout,MLOP,single,,,,,,1.1265,1.0000088771316213,1.0,1.12649,1.1265,1.0,23127.0,2.3126995374600927,22766.0,22766.0,0.0,0.0,0.0,1.0,0.0,0.0,0.0,0.0,0.0,0.0,0.0,0.0,0.0,0.0,23127.0,22766.0,23127.0,0.0,0.0,0.0,200.0,7157.0,0.0,2.31,8877061.0,10000002.0,5000000,10000000,,,,,,,GS24473,801cbd7097e0698bf814076476006a7b8aa7adf1,19.482012,2026-04-17T16:53:05.287131+00:00,2026-04-17T16:53:24.769143+00:00,/home/barry/projects/github/Mixture-of-Prefetchers/artifacts/athena_traces/ligra_BC.com-lj.ungraph.gcc_6.3.0_O3.drop_500M.length_250M.champsimtrace.xz,/home/barry/projects/github/Mixture-of-Prefetchers/results/mop_lite_pair_mlop_pythia/runs/20260417T164530.338568Z-d1d3/logs/ligra_BC.com-lj.ungraph.gcc_6.3.0_O3.drop_500M.length_250M__MLOP.out,/home/barry/projects/github/Mixture-of-Prefetchers/results/mop_lite_pair_mlop_pythia/runs/20260417T164530.338568Z-d1d3/logs/ligra_BC.com-lj.ungraph.gcc_6.3.0_O3.drop_500M.length_250M__MLOP.err,/home/barry/projects/github/Mixture-of-Prefetchers/results/mop_lite_pair_mlop_pythia/runs/20260417T164530.338568Z-d1d3/metrics/ligra_BC.com-lj.ungraph.gcc_6.3.0_O3.drop_500M.length_250M__MLOP.json,,"--warmup_instructions=5000000 --simulation_instructions=10000000 --llc_replacement_type=ship --config=/home/barry/projects/github/Mixture-of-Prefetchers/external/athena/config/nopref.ini --rob_partition_size=64,128,320 --rob_frontal_partition_ids=0 --rob_dorsal_partition_ids=2 --dram_io_freq=400 --l2c_prefetcher_types=mlop --config=/home/barry/projects/github/Mixture-of-Prefetchers/external/athena/config/mlop.ini --l2c_prefetcher_force_prefetch_at_llc=true",22766.0
20260417T164530.338568Z-d1d3,ligra_BC.com-lj.ungraph.gcc_6.3.0_O3.drop_500M.length_250M,LIGRA,heldout,Pythia,single,,,,,,1.1265,1.0000088771316213,1.0,1.12649,1.1265,1.0,23127.0,2.3126995374600927,79650.0,79650.0,0.0,0.0,0.0,0.28577526679221593,0.0,0.0,0.0,0.0,0.0,0.0,0.0,0.0,0.0,0.0,23127.0,22762.0,23127.0,0.0,0.0,0.0,200.0,1498.0,0.0,2.31,8877061.0,10000002.0,5000000,10000000,,,,,,,GS24473,801cbd7097e0698bf814076476006a7b8aa7adf1,19.863897,2026-04-17T16:53:05.379179+00:00,2026-04-17T16:53:25.243076+00:00,/home/barry/projects/github/Mixture-of-Prefetchers/artifacts/athena_traces/ligra_BC.com-lj.ungraph.gcc_6.3.0_O3.drop_500M.length_250M.champsimtrace.xz,/home/barry/projects/github/Mixture-of-Prefetchers/results/mop_lite_pair_mlop_pythia/runs/20260417T164530.338568Z-d1d3/logs/ligra_BC.com-lj.ungraph.gcc_6.3.0_O3.drop_500M.length_250M__Pythia.out,/home/barry/projects/github/Mixture-of-Prefetchers/results/mop_lite_pair_mlop_pythia/runs/20260417T164530.338568Z-d1d3/logs/ligra_BC.com-lj.ungraph.gcc_6.3.0_O3.drop_500M.length_250M__Pythia.err,/home/barry/projects/github/Mixture-of-Prefetchers/results/mop_lite_pair_mlop_pythia/runs/20260417T164530.338568Z-d1d3/metrics/ligra_BC.com-lj.ungraph.gcc_6.3.0_O3.drop_500M.length_250M__Pythia.json,,"--warmup_instructions=5000000 --simulation_instructions=10000000 --llc_replacement_type=ship --config=/home/barry/projects/github/Mixture-of-Prefetchers/external/athena/config/nopref.ini --rob_partition_size=64,128,320 --rob_frontal_partition_ids=0 --rob_dorsal_partition_ids=2 --dram_io_freq=400 --l2c_prefetcher_types=scooby --config=/home/barry/projects/github/Mixture-of-Prefetchers/external/athena/config/pythia.ini --l2c_prefetcher_force_prefetch_at_llc=true",22762.0
20260417T164530.338568Z-d1d3,ligra_BC.com-lj.ungraph.gcc_6.3.0_O3.drop_500M.length_250M,LIGRA,heldout,MoPLite,router,MoPLite,,MLOP,Pythia,1,1.12649,1.0,0.9999911229471815,1.12649,1.1265,1.0,23127.0,2.312699768730023,40778.0,40778.0,0.0,0.0,0.0,0.3523468536956202,21398.0,11434.0,21382.0,11433.0,21555.0,39885.0,30.0,30.0,0.9992522665669689,0.9999125415427672,23127.0,14368.0,23127.0,0.0,0.0,0.0,200.0,4807.0,0.0,2.31,8877136.0,10000001.0,5000000,10000000,500000,2048,30,50,"1.0,0.25,1.0",,GS24473,801cbd7097e0698bf814076476006a7b8aa7adf1,20.640649,2026-04-17T16:53:05.423959+00:00,2026-04-17T16:53:26.064608+00:00,/home/barry/projects/github/Mixture-of-Prefetchers/artifacts/athena_traces/ligra_BC.com-lj.ungraph.gcc_6.3.0_O3.drop_500M.length_250M.champsimtrace.xz,/home/barry/projects/github/Mixture-of-Prefetchers/results/mop_lite_pair_mlop_pythia/runs/20260417T164530.338568Z-d1d3/logs/ligra_BC.com-lj.ungraph.gcc_6.3.0_O3.drop_500M.length_250M__MoPLite.out,/home/barry/projects/github/Mixture-of-Prefetchers/results/mop_lite_pair_mlop_pythia/runs/20260417T164530.338568Z-d1d3/logs/ligra_BC.com-lj.ungraph.gcc_6.3.0_O3.drop_500M.length_250M__MoPLite.err,/home/barry/projects/github/Mixture-of-Prefetchers/results/mop_lite_pair_mlop_pythia/runs/20260417T164530.338568Z-d1d3/metrics/ligra_BC.com-lj.ungraph.gcc_6.3.0_O3.drop_500M.length_250M__MoPLite.json,,"--warmup_instructions=5000000 --simulation_instructions=10000000 --llc_replacement_type=ship --config=/home/barry/projects/github/Mixture-of-Prefetchers/external/athena/config/nopref.ini --rob_partition_size=64,128,320 --rob_frontal_partition_ids=0 --rob_dorsal_partition_ids=2 --dram_io_freq=400 --config=/home/barry/projects/github/Mixture-of-Prefetchers/external/athena/config/mop_lite.ini --mop_router_type=4 --mop_seed=1 --l2c_prefetcher_types=mlop --config=/home/barry/projects/github/Mixture-of-Prefetchers/external/athena/config/mlop.ini --l2c_prefetcher_types=scooby --config=/home/barry/projects/github/Mixture-of-Prefetchers/external/athena/config/pythia.ini --l2c_prefetcher_force_prefetch_at_llc=true",14368.0
20260417T164530.338568Z-d1d3,ligra_BC.com-lj.ungraph.gcc_6.3.0_O3.drop_500M.length_250M,LIGRA,heldout,FixedSplit,router,FixedSplit,,MLOP,Pythia,1,1.12649,1.0,0.9999911229471815,1.12649,1.1265,1.0,23127.0,2.312699768730023,40806.0,40806.0,0.0,0.0,0.0,0.5018869774052835,30348.0,8872.0,30332.0,8871.0,30720.0,30720.0,30.0,30.0,0.9994727823909318,0.9998872858431019,23127.0,20480.0,23127.0,0.0,0.0,0.0,216.0,6724.0,0.0,2.31,8877136.0,10000001.0,5000000,10000000,500000,2048,30,50,"1.0,0.25,1.0",,GS24473,801cbd7097e0698bf814076476006a7b8aa7adf1,19.814075,2026-04-17T16:53:11.514216+00:00,2026-04-17T16:53:31.328291+00:00,/home/barry/projects/github/Mixture-of-Prefetchers/artifacts/athena_traces/ligra_BC.com-lj.ungraph.gcc_6.3.0_O3.drop_500M.length_250M.champsimtrace.xz,/home/barry/projects/github/Mixture-of-Prefetchers/results/mop_lite_pair_mlop_pythia/runs/20260417T164530.338568Z-d1d3/logs/ligra_BC.com-lj.ungraph.gcc_6.3.0_O3.drop_500M.length_250M__FixedSplit.out,/home/barry/projects/github/Mixture-of-Prefetchers/results/mop_lite_pair_mlop_pythia/runs/20260417T164530.338568Z-d1d3/logs/ligra_BC.com-lj.ungraph.gcc_6.3.0_O3.drop_500M.length_250M__FixedSplit.err,/home/barry/projects/github/Mixture-of-Prefetchers/results/mop_lite_pair_mlop_pythia/runs/20260417T164530.338568Z-d1d3/metrics/ligra_BC.com-lj.ungraph.gcc_6.3.0_O3.drop_500M.length_250M__FixedSplit.json,,"--warmup_instructions=5000000 --simulation_instructions=10000000 --llc_replacement_type=ship --config=/home/barry/projects/github/Mixture-of-Prefetchers/external/athena/config/nopref.ini --rob_partition_size=64,128,320 --rob_frontal_partition_ids=0 --rob_dorsal_partition_ids=2 --dram_io_freq=400 --config=/home/barry/projects/github/Mixture-of-Prefetchers/external/athena/config/mop_lite.ini --mop_router_type=0 --mop_seed=1 --l2c_prefetcher_types=mlop --config=/home/barry/projects/github/Mixture-of-Prefetchers/external/athena/config/mlop.ini --l2c_prefetcher_types=scooby --config=/home/barry/projects/github/Mixture-of-Prefetchers/external/athena/config/pythia.ini --l2c_prefetcher_force_prefetch_at_llc=true",20480.0
20260417T164530.338568Z-d1d3,ligra_BC.com-lj.ungraph.gcc_6.3.0_O3.drop_500M.length_250M,LIGRA,heldout,WinnerTakeAll,router,WinnerTakeAll,,MLOP,Pythia,1,1.12649,1.0,0.9999911229471815,1.12649,1.1265,1.0,23127.0,2.312699768730023,40960.0,40960.0,0.0,0.0,0.0,0.2867919921875,652.0,17364.0,636.0,17363.0,0.0,61440.0,0.0,30.0,0.9754601226993865,0.9999424095830454,23127.0,11747.0,23127.0,0.0,0.0,0.0,192.0,857.0,0.0,2.31,8877136.0,10000001.0,5000000,10000000,500000,2048,30,50,"1.0,0.25,1.0",,GS24473,801cbd7097e0698bf814076476006a7b8aa7adf1,19.210749,2026-04-17T16:53:24.418520+00:00,2026-04-17T16:53:43.629269+00:00,/home/barry/projects/github/Mixture-of-Prefetchers/artifacts/athena_traces/ligra_BC.com-lj.ungraph.gcc_6.3.0_O3.drop_500M.length_250M.champsimtrace.xz,/home/barry/projects/github/Mixture-of-Prefetchers/results/mop_lite_pair_mlop_pythia/runs/20260417T164530.338568Z-d1d3/logs/ligra_BC.com-lj.ungraph.gcc_6.3.0_O3.drop_500M.length_250M__WinnerTakeAll.out,/home/barry/projects/github/Mixture-of-Prefetchers/results/mop_lite_pair_mlop_pythia/runs/20260417T164530.338568Z-d1d3/logs/ligra_BC.com-lj.ungraph.gcc_6.3.0_O3.drop_500M.length_250M__WinnerTakeAll.err,/home/barry/projects/github/Mixture-of-Prefetchers/results/mop_lite_pair_mlop_pythia/runs/20260417T164530.338568Z-d1d3/metrics/ligra_BC.com-lj.ungraph.gcc_6.3.0_O3.drop_500M.length_250M__WinnerTakeAll.json,,"--warmup_instructions=5000000 --simulation_instructions=10000000 --llc_replacement_type=ship --config=/home/barry/projects/github/Mixture-of-Prefetchers/external/athena/config/nopref.ini --rob_partition_size=64,128,320 --rob_frontal_partition_ids=0 --rob_dorsal_partition_ids=2 --dram_io_freq=400 --config=/home/barry/projects/github/Mixture-of-Prefetchers/external/athena/config/mop_lite.ini --mop_router_type=1 --mop_seed=1 --l2c_prefetcher_types=mlop --config=/home/barry/projects/github/Mixture-of-Prefetchers/external/athena/config/mlop.ini --l2c_prefetcher_types=scooby --config=/home/barry/projects/github/Mixture-of-Prefetchers/external/athena/config/pythia.ini --l2c_prefetcher_force_prefetch_at_llc=true",11747.0
20260417T164530.338568Z-d1d3,ligra_BC.com-lj.ungraph.gcc_6.3.0_O3.drop_500M.length_250M,LIGRA,heldout,AthenaMAB,builtin,,AthenaMAB,MLOP,Pythia,,1.12649,1.0,0.9999911229471815,1.12649,1.1265,1.0,23127.0,2.312699768730023,20499.0,20499.0,0.0,0.0,0.0,0.279916093467974,9174.0,9127.0,9063.0,9098.0,0.0,0.0,0.0,0.0,0.9879005886200131,0.9968226142215405,23127.0,5738.0,23127.0,0.0,0.0,0.0,192.0,1561.0,0.0,2.31,8877136.0,10000001.0,5000000,10000000,500000,,,,,,GS24473,801cbd7097e0698bf814076476006a7b8aa7adf1,19.878267,2026-04-17T16:53:24.769220+00:00,2026-04-17T16:53:44.647487+00:00,/home/barry/projects/github/Mixture-of-Prefetchers/artifacts/athena_traces/ligra_BC.com-lj.ungraph.gcc_6.3.0_O3.drop_500M.length_250M.champsimtrace.xz,/home/barry/projects/github/Mixture-of-Prefetchers/results/mop_lite_pair_mlop_pythia/runs/20260417T164530.338568Z-d1d3/logs/ligra_BC.com-lj.ungraph.gcc_6.3.0_O3.drop_500M.length_250M__AthenaMAB.out,/home/barry/projects/github/Mixture-of-Prefetchers/results/mop_lite_pair_mlop_pythia/runs/20260417T164530.338568Z-d1d3/logs/ligra_BC.com-lj.ungraph.gcc_6.3.0_O3.drop_500M.length_250M__AthenaMAB.err,/home/barry/projects/github/Mixture-of-Prefetchers/results/mop_lite_pair_mlop_pythia/runs/20260417T164530.338568Z-d1d3/metrics/ligra_BC.com-lj.ungraph.gcc_6.3.0_O3.drop_500M.length_250M__AthenaMAB.json,,"--warmup_instructions=5000000 --simulation_instructions=10000000 --llc_replacement_type=ship --config=/home/barry/projects/github/Mixture-of-Prefetchers/external/athena/config/nopref.ini --rob_partition_size=64,128,320 --rob_frontal_partition_ids=0 --rob_dorsal_partition_ids=2 --dram_io_freq=400 --config=/home/barry/projects/github/Mixture-of-Prefetchers/external/athena/config/mop_lite_mab.ini --l2c_prefetcher_types=mlop --config=/home/barry/projects/github/Mixture-of-Prefetchers/external/athena/config/mlop.ini --l2c_prefetcher_types=scooby --config=/home/barry/projects/github/Mixture-of-Prefetchers/external/athena/config/pythia.ini --l2c_prefetcher_force_prefetch_at_llc=true",5738.0
20260417T164530.338568Z-d1d3,parsec_2.1.streamcluster.simlarge.prebuilt.drop_0M.length_250M,PARSEC,heldout,FixedSplit,router,FixedSplit,,MLOP,Pythia,1,0.89977,0.9999110962938267,1.0,0.89985,0.89977,1.0,10467.0,1.0466998953300104,30689.0,30689.0,0.0,0.0,0.0,0.3357228974551142,15978.0,9093.0,15414.0,8999.0,30720.0,30720.0,30.0,30.0,0.9647014645137063,0.9896623776531398,10467.0,10303.0,10467.0,0.0,0.0,0.0,88.0,2634.0,0.0,0.13,11113981.0,10000001.0,5000000,10000000,500000,2048,30,50,"1.0,0.25,1.0",,GS24473,801cbd7097e0698bf814076476006a7b8aa7adf1,57.596584,2026-04-17T16:52:59.989201+00:00,2026-04-17T16:53:57.585785+00:00,/home/barry/projects/github/Mixture-of-Prefetchers/artifacts/athena_traces/parsec_2.1.streamcluster.simlarge.prebuilt.drop_0M.length_250M.champsimtrace.xz,/home/barry/projects/github/Mixture-of-Prefetchers/results/mop_lite_pair_mlop_pythia/runs/20260417T164530.338568Z-d1d3/logs/parsec_2.1.streamcluster.simlarge.prebuilt.drop_0M.length_250M__FixedSplit.out,/home/barry/projects/github/Mixture-of-Prefetchers/results/mop_lite_pair_mlop_pythia/runs/20260417T164530.338568Z-d1d3/logs/parsec_2.1.streamcluster.simlarge.prebuilt.drop_0M.length_250M__FixedSplit.err,/home/barry/projects/github/Mixture-of-Prefetchers/results/mop_lite_pair_mlop_pythia/runs/20260417T164530.338568Z-d1d3/metrics/parsec_2.1.streamcluster.simlarge.prebuilt.drop_0M.length_250M__FixedSplit.json,,"--warmup_instructions=5000000 --simulation_instructions=10000000 --llc_replacement_type=ship --config=/home/barry/projects/github/Mixture-of-Prefetchers/external/athena/config/nopref.ini --rob_partition_size=64,128,320 --rob_frontal_partition_ids=0 --rob_dorsal_partition_ids=2 --dram_io_freq=400 --config=/home/barry/projects/github/Mixture-of-Prefetchers/external/athena/config/mop_lite.ini --mop_router_type=0 --mop_seed=1 --l2c_prefetcher_types=mlop --config=/home/barry/projects/github/Mixture-of-Prefetchers/external/athena/config/mlop.ini --l2c_prefetcher_types=scooby --config=/home/barry/projects/github/Mixture-of-Prefetchers/external/athena/config/pythia.ini --l2c_prefetcher_force_prefetch_at_llc=true",10303.0
20260417T164530.338568Z-d1d3,parsec_2.1.streamcluster.simlarge.prebuilt.drop_0M.length_250M,PARSEC,heldout,WinnerTakeAll,router,WinnerTakeAll,,MLOP,Pythia,1,0.89977,0.9999110962938267,1.0,0.89985,0.89977,1.0,10467.0,1.0466998953300104,24585.0,24585.0,0.0,0.0,0.0,0.41899532235102704,7901.0,8818.0,7543.0,8671.0,26624.0,34816.0,13.0,17.0,0.9546892798379952,0.9833295531866636,10467.0,10301.0,10467.0,0.0,0.0,0.0,128.0,1645.0,0.0,0.13,11113981.0,10000001.0,5000000,10000000,500000,2048,30,50,"1.0,0.25,1.0",,GS24473,801cbd7097e0698bf814076476006a7b8aa7adf1,57.314208,2026-04-17T16:53:01.349858+00:00,2026-04-17T16:53:58.664066+00:00,/home/barry/projects/github/Mixture-of-Prefetchers/artifacts/athena_traces/parsec_2.1.streamcluster.simlarge.prebuilt.drop_0M.length_250M.champsimtrace.xz,/home/barry/projects/github/Mixture-of-Prefetchers/results/mop_lite_pair_mlop_pythia/runs/20260417T164530.338568Z-d1d3/logs/parsec_2.1.streamcluster.simlarge.prebuilt.drop_0M.length_250M__WinnerTakeAll.out,/home/barry/projects/github/Mixture-of-Prefetchers/results/mop_lite_pair_mlop_pythia/runs/20260417T164530.338568Z-d1d3/logs/parsec_2.1.streamcluster.simlarge.prebuilt.drop_0M.length_250M__WinnerTakeAll.err,/home/barry/projects/github/Mixture-of-Prefetchers/results/mop_lite_pair_mlop_pythia/runs/20260417T164530.338568Z-d1d3/metrics/parsec_2.1.streamcluster.simlarge.prebuilt.drop_0M.length_250M__WinnerTakeAll.json,,"--warmup_instructions=5000000 --simulation_instructions=10000000 --llc_replacement_type=ship --config=/home/barry/projects/github/Mixture-of-Prefetchers/external/athena/config/nopref.ini --rob_partition_size=64,128,320 --rob_frontal_partition_ids=0 --rob_dorsal_partition_ids=2 --dram_io_freq=400 --config=/home/barry/projects/github/Mixture-of-Prefetchers/external/athena/config/mop_lite.ini --mop_router_type=1 --mop_seed=1 --l2c_prefetcher_types=mlop --config=/home/barry/projects/github/Mixture-of-Prefetchers/external/athena/config/mlop.ini --l2c_prefetcher_types=scooby --config=/home/barry/projects/github/Mixture-of-Prefetchers/external/athena/config/pythia.ini --l2c_prefetcher_force_prefetch_at_llc=true",10301.0
20260417T164530.338568Z-d1d3,parsec_2.1.streamcluster.simlarge.prebuilt.drop_0M.length_250M,PARSEC,heldout,AthenaMAB,builtin,,AthenaMAB,MLOP,Pythia,,0.89982,0.999966661110185,1.0000555697567155,0.89985,0.89977,1.0,10467.0,1.0466998953300104,9254.0,9254.0,0.0,0.0,0.0,0.2782580505727253,4167.0,4136.0,4073.0,4112.0,0.0,0.0,0.0,0.0,0.9774418046556276,0.9941972920696325,10467.0,2575.0,10467.0,0.0,0.0,0.0,88.0,601.0,0.0,0.13,11113372.0,10000001.0,5000000,10000000,500000,,,,,,GS24473,801cbd7097e0698bf814076476006a7b8aa7adf1,57.476943,2026-04-17T16:53:03.208736+00:00,2026-04-17T16:54:00.685679+00:00,/home/barry/projects/github/Mixture-of-Prefetchers/artifacts/athena_traces/parsec_2.1.streamcluster.simlarge.prebuilt.drop_0M.length_250M.champsimtrace.xz,/home/barry/projects/github/Mixture-of-Prefetchers/results/mop_lite_pair_mlop_pythia/runs/20260417T164530.338568Z-d1d3/logs/parsec_2.1.streamcluster.simlarge.prebuilt.drop_0M.length_250M__AthenaMAB.out,/home/barry/projects/github/Mixture-of-Prefetchers/results/mop_lite_pair_mlop_pythia/runs/20260417T164530.338568Z-d1d3/logs/parsec_2.1.streamcluster.simlarge.prebuilt.drop_0M.length_250M__AthenaMAB.err,/home/barry/projects/github/Mixture-of-Prefetchers/results/mop_lite_pair_mlop_pythia/runs/20260417T164530.338568Z-d1d3/metrics/parsec_2.1.streamcluster.simlarge.prebuilt.drop_0M.length_250M__AthenaMAB.json,,"--warmup_instructions=5000000 --simulation_instructions=10000000 --llc_replacement_type=ship --config=/home/barry/projects/github/Mixture-of-Prefetchers/external/athena/config/nopref.ini --rob_partition_size=64,128,320 --rob_frontal_partition_ids=0 --rob_dorsal_partition_ids=2 --dram_io_freq=400 --config=/home/barry/projects/github/Mixture-of-Prefetchers/external/athena/config/mop_lite_mab.ini --l2c_prefetcher_types=mlop --config=/home/barry/projects/github/Mixture-of-Prefetchers/external/athena/config/mlop.ini --l2c_prefetcher_types=scooby --config=/home/barry/projects/github/Mixture-of-Prefetchers/external/athena/config/pythia.ini --l2c_prefetcher_force_prefetch_at_llc=true",2575.0
20260417T164530.338568Z-d1d3,secret_compute_fp_105,CVP,heldout,Baseline,baseline,,,,,,0.19156,1.0,0.6213226946904091,0.19156,0.30831,0.0,327397.0,32.73969345206131,0.0,0.0,0.0,0.0,0.0,0.0,0.0,0.0,0.0,0.0,0.0,0.0,0.0,0.0,0.0,0.0,358599.0,0.0,333056.0,0.0,0.0,0.0,71334.0,88770.0,0.0,2.57,52202566.0,10000002.0,5000000,10000000,,,,,,,GS24473,801cbd7097e0698bf814076476006a7b8aa7adf1,91.036599,2026-04-17T16:53:25.243134+00:00,2026-04-17T16:54:56.279733+00:00,/home/barry/projects/github/Mixture-of-Prefetchers/artifacts/athena_traces/compute_fp_105.champsim.gz,/home/barry/projects/github/Mixture-of-Prefetchers/results/mop_lite_pair_mlop_pythia/runs/20260417T164530.338568Z-d1d3/logs/secret_compute_fp_105__Baseline.out,/home/barry/projects/github/Mixture-of-Prefetchers/results/mop_lite_pair_mlop_pythia/runs/20260417T164530.338568Z-d1d3/logs/secret_compute_fp_105__Baseline.err,/home/barry/projects/github/Mixture-of-Prefetchers/results/mop_lite_pair_mlop_pythia/runs/20260417T164530.338568Z-d1d3/metrics/secret_compute_fp_105__Baseline.json,,"--warmup_instructions=5000000 --simulation_instructions=10000000 --llc_replacement_type=ship --config=/home/barry/projects/github/Mixture-of-Prefetchers/external/athena/config/nopref.ini --rob_partition_size=64,128,320 --rob_frontal_partition_ids=0 --rob_dorsal_partition_ids=2 --dram_io_freq=400",0.0
20260417T164530.338568Z-d1d3,secret_compute_fp_105,CVP,heldout,Pythia,single,,,,,,0.30831,1.609469617874295,1.0,0.19156,0.30831,1.0,326677.0,32.66769346646131,1178378.0,1178378.0,0.0,0.0,0.0,0.22196612631939835,0.0,0.0,0.0,0.0,0.0,0.0,0.0,0.0,0.0,0.0,358595.0,261560.0,332335.0,0.0,0.0,0.0,127146.0,297282.0,0.0,2.57,32434964.0,10000002.0,5000000,10000000,,,,,,,GS24473,801cbd7097e0698bf814076476006a7b8aa7adf1,91.519163,2026-04-17T16:53:31.328339+00:00,2026-04-17T16:55:02.847502+00:00,/home/barry/projects/github/Mixture-of-Prefetchers/artifacts/athena_traces/compute_fp_105.champsim.gz,/home/barry/projects/github/Mixture-of-Prefetchers/results/mop_lite_pair_mlop_pythia/runs/20260417T164530.338568Z-d1d3/logs/secret_compute_fp_105__Pythia.out,/home/barry/projects/github/Mixture-of-Prefetchers/results/mop_lite_pair_mlop_pythia/runs/20260417T164530.338568Z-d1d3/logs/secret_compute_fp_105__Pythia.err,/home/barry/projects/github/Mixture-of-Prefetchers/results/mop_lite_pair_mlop_pythia/runs/20260417T164530.338568Z-d1d3/metrics/secret_compute_fp_105__Pythia.json,,"--warmup_instructions=5000000 --simulation_instructions=10000000 --llc_replacement_type=ship --config=/home/barry/projects/github/Mixture-of-Prefetchers/external/athena/config/nopref.ini --rob_partition_size=64,128,320 --rob_frontal_partition_ids=0 --rob_dorsal_partition_ids=2 --dram_io_freq=400 --l2c_prefetcher_types=scooby --config=/home/barry/projects/github/Mixture-of-Prefetchers/external/athena/config/pythia.ini --l2c_prefetcher_force_prefetch_at_llc=true",261560.0
20260417T164530.338568Z-d1d3,secret_compute_fp_105,CVP,heldout,MLOP,single,,,,,,0.20885,1.090258926707037,0.6774026142518894,0.19156,0.30831,1.0,327404.0,32.74039345192131,120784.0,120784.0,0.0,0.0,0.0,0.8630033779308518,0.0,0.0,0.0,0.0,0.0,0.0,0.0,0.0,0.0,0.0,358605.0,104237.0,333062.0,0.0,0.0,0.0,78532.0,181321.0,0.0,2.57,47882302.0,10000002.0,5000000,10000000,,,,,,,GS24473,801cbd7097e0698bf814076476006a7b8aa7adf1,97.353447,2026-04-17T16:53:26.064663+00:00,2026-04-17T16:55:03.418110+00:00,/home/barry/projects/github/Mixture-of-Prefetchers/artifacts/athena_traces/compute_fp_105.champsim.gz,/home/barry/projects/github/Mixture-of-Prefetchers/results/mop_lite_pair_mlop_pythia/runs/20260417T164530.338568Z-d1d3/logs/secret_compute_fp_105__MLOP.out,/home/barry/projects/github/Mixture-of-Prefetchers/results/mop_lite_pair_mlop_pythia/runs/20260417T164530.338568Z-d1d3/logs/secret_compute_fp_105__MLOP.err,/home/barry/projects/github/Mixture-of-Prefetchers/results/mop_lite_pair_mlop_pythia/runs/20260417T164530.338568Z-d1d3/metrics/secret_compute_fp_105__MLOP.json,,"--warmup_instructions=5000000 --simulation_instructions=10000000 --llc_replacement_type=ship --config=/home/barry/projects/github/Mixture-of-Prefetchers/external/athena/config/nopref.ini --rob_partition_size=64,128,320 --rob_frontal_partition_ids=0 --rob_dorsal_partition_ids=2 --dram_io_freq=400 --l2c_prefetcher_types=mlop --config=/home/barry/projects/github/Mixture-of-Prefetchers/external/athena/config/mlop.ini --l2c_prefetcher_force_prefetch_at_llc=true",104237.0
20260417T164530.338568Z-d1d3,secret_compute_fp_105,CVP,heldout,MoPLite,router,MoPLite,,MLOP,Pythia,1,0.19144,0.9993735644184589,0.620933476046836,0.19156,0.30831,1.0,327583.0,32.75829344834131,0.0,4816.0,0.0,0.0,0.0,0.00020764119601328904,1931.0,2885.0,1373.0,3448.0,907.0,5237.0,1.0,3.0,0.7110305541170377,1.1951473136915078,358599.0,1.0,333242.0,0.0,0.0,0.0,72203.0,88710.0,0.0,2.57,52236786.0,10000002.0,5000000,10000000,500000,2048,30,50,"1.0,0.25,1.0",,GS24473,801cbd7097e0698bf814076476006a7b8aa7adf1,90.523953,2026-04-17T16:53:43.629343+00:00,2026-04-17T16:55:14.153296+00:00,/home/barry/projects/github/Mixture-of-Prefetchers/artifacts/athena_traces/compute_fp_105.champsim.gz,/home/barry/projects/github/Mixture-of-Prefetchers/results/mop_lite_pair_mlop_pythia/runs/20260417T164530.338568Z-d1d3/logs/secret_compute_fp_105__MoPLite.out,/home/barry/projects/github/Mixture-of-Prefetchers/results/mop_lite_pair_mlop_pythia/runs/20260417T164530.338568Z-d1d3/logs/secret_compute_fp_105__MoPLite.err,/home/barry/projects/github/Mixture-of-Prefetchers/results/mop_lite_pair_mlop_pythia/runs/20260417T164530.338568Z-d1d3/metrics/secret_compute_fp_105__MoPLite.json,,"--warmup_instructions=5000000 --simulation_instructions=10000000 --llc_replacement_type=ship --config=/home/barry/projects/github/Mixture-of-Prefetchers/external/athena/config/nopref.ini --rob_partition_size=64,128,320 --rob_frontal_partition_ids=0 --rob_dorsal_partition_ids=2 --dram_io_freq=400 --config=/home/barry/projects/github/Mixture-of-Prefetchers/external/athena/config/mop_lite.ini --mop_router_type=4 --mop_seed=1 --l2c_prefetcher_types=mlop --config=/home/barry/projects/github/Mixture-of-Prefetchers/external/athena/config/mlop.ini --l2c_prefetcher_types=scooby --config=/home/barry/projects/github/Mixture-of-Prefetchers/external/athena/config/pythia.ini --l2c_prefetcher_force_prefetch_at_llc=true",1.0
20260417T164530.338568Z-d1d3,secret_compute_fp_105,CVP,heldout,FixedSplit,router,FixedSplit,,MLOP,Pythia,1,0.19113,0.9977552724994779,0.619927994550939,0.19156,0.30831,1.0,327381.0,32.73809345238131,30589.0,30589.0,0.0,0.0,0.0,0.38065971427637385,20480.0,10395.0,18865.0,11406.0,30720.0,30720.0,30.0,30.0,0.921142578125,1.0972582972582972,358599.0,11644.0,333039.0,0.0,0.0,0.0,78950.0,107372.0,0.0,2.57,52320219.0,10000002.0,5000000,10000000,500000,2048,30,50,"1.0,0.25,1.0",,GS24473,801cbd7097e0698bf814076476006a7b8aa7adf1,90.201478,2026-04-17T16:53:44.647533+00:00,2026-04-17T16:55:14.849011+00:00,/home/barry/projects/github/Mixture-of-Prefetchers/artifacts/athena_traces/compute_fp_105.champsim.gz,/home/barry/projects/github/Mixture-of-Prefetchers/results/mop_lite_pair_mlop_pythia/runs/20260417T164530.338568Z-d1d3/logs/secret_compute_fp_105__FixedSplit.out,/home/barry/projects/github/Mixture-of-Prefetchers/results/mop_lite_pair_mlop_pythia/runs/20260417T164530.338568Z-d1d3/logs/secret_compute_fp_105__FixedSplit.err,/home/barry/projects/github/Mixture-of-Prefetchers/results/mop_lite_pair_mlop_pythia/runs/20260417T164530.338568Z-d1d3/metrics/secret_compute_fp_105__FixedSplit.json,,"--warmup_instructions=5000000 --simulation_instructions=10000000 --llc_replacement_type=ship --config=/home/barry/projects/github/Mixture-of-Prefetchers/external/athena/config/nopref.ini --rob_partition_size=64,128,320 --rob_frontal_partition_ids=0 --rob_dorsal_partition_ids=2 --dram_io_freq=400 --config=/home/barry/projects/github/Mixture-of-Prefetchers/external/athena/config/mop_lite.ini --mop_router_type=0 --mop_seed=1 --l2c_prefetcher_types=mlop --config=/home/barry/projects/github/Mixture-of-Prefetchers/external/athena/config/mlop.ini --l2c_prefetcher_types=scooby --config=/home/barry/projects/github/Mixture-of-Prefetchers/external/athena/config/pythia.ini --l2c_prefetcher_force_prefetch_at_llc=true",11644.0
20260417T164530.338568Z-d1d3,secret_compute_fp_105,CVP,heldout,WinnerTakeAll,router,WinnerTakeAll,,MLOP,Pythia,1,0.19188,1.0016704948841093,0.6223606110732705,0.19156,0.30831,1.0,327528.0,32.75279344944131,20480.0,20480.0,0.0,0.0,0.0,0.81982421875,25600.0,5658.0,24009.0,6201.0,47104.0,14336.0,23.0,7.0,0.9378515625,1.0959703075291622,358599.0,16790.0,333187.0,0.0,0.0,0.0,80143.0,111993.0,0.0,2.57,52115347.0,10000002.0,5000000,10000000,500000,2048,30,50,"1.0,0.25,1.0",,GS24473,801cbd7097e0698bf814076476006a7b8aa7adf1,87.153375,2026-04-17T16:53:57.585858+00:00,2026-04-17T16:55:24.739233+00:00,/home/barry/projects/github/Mixture-of-Prefetchers/artifacts/athena_traces/compute_fp_105.champsim.gz,/home/barry/projects/github/Mixture-of-Prefetchers/results/mop_lite_pair_mlop_pythia/runs/20260417T164530.338568Z-d1d3/logs/secret_compute_fp_105__WinnerTakeAll.out,/home/barry/projects/github/Mixture-of-Prefetchers/results/mop_lite_pair_mlop_pythia/runs/20260417T164530.338568Z-d1d3/logs/secret_compute_fp_105__WinnerTakeAll.err,/home/barry/projects/github/Mixture-of-Prefetchers/results/mop_lite_pair_mlop_pythia/runs/20260417T164530.338568Z-d1d3/metrics/secret_compute_fp_105__WinnerTakeAll.json,,"--warmup_instructions=5000000 --simulation_instructions=10000000 --llc_replacement_type=ship --config=/home/barry/projects/github/Mixture-of-Prefetchers/external/athena/config/nopref.ini --rob_partition_size=64,128,320 --rob_frontal_partition_ids=0 --rob_dorsal_partition_ids=2 --dram_io_freq=400 --config=/home/barry/projects/github/Mixture-of-Prefetchers/external/athena/config/mop_lite.ini --mop_router_type=1 --mop_seed=1 --l2c_prefetcher_types=mlop --config=/home/barry/projects/github/Mixture-of-Prefetchers/external/athena/config/mlop.ini --l2c_prefetcher_types=scooby --config=/home/barry/projects/github/Mixture-of-Prefetchers/external/athena/config/pythia.ini --l2c_prefetcher_force_prefetch_at_llc=true",16790.0
20260417T164530.338568Z-d1d3,secret_compute_fp_105,CVP,heldout,AthenaMAB,builtin,,AthenaMAB,MLOP,Pythia,,0.21996,1.1482564209647106,0.7134377736693588,0.19156,0.30831,1.0,327237.0,32.72369345526131,462726.0,462726.0,0.0,0.0,0.0,0.2608087723620458,93568.0,187797.0,89123.0,184126.0,0.0,0.0,0.0,0.0,0.9524944425444597,0.9804522968950515,358601.0,120683.0,332895.0,0.0,0.0,0.0,109817.0,189223.0,0.0,2.57,45462728.0,10000002.0,5000000,10000000,500000,,,,,,GS24473,801cbd7097e0698bf814076476006a7b8aa7adf1,90.290595,2026-04-17T16:53:58.664111+00:00,2026-04-17T16:55:28.954706+00:00,/home/barry/projects/github/Mixture-of-Prefetchers/artifacts/athena_traces/compute_fp_105.champsim.gz,/home/barry/projects/github/Mixture-of-Prefetchers/results/mop_lite_pair_mlop_pythia/runs/20260417T164530.338568Z-d1d3/logs/secret_compute_fp_105__AthenaMAB.out,/home/barry/projects/github/Mixture-of-Prefetchers/results/mop_lite_pair_mlop_pythia/runs/20260417T164530.338568Z-d1d3/logs/secret_compute_fp_105__AthenaMAB.err,/home/barry/projects/github/Mixture-of-Prefetchers/results/mop_lite_pair_mlop_pythia/runs/20260417T164530.338568Z-d1d3/metrics/secret_compute_fp_105__AthenaMAB.json,,"--warmup_instructions=5000000 --simulation_instructions=10000000 --llc_replacement_type=ship --config=/home/barry/projects/github/Mixture-of-Prefetchers/external/athena/config/nopref.ini --rob_partition_size=64,128,320 --rob_frontal_partition_ids=0 --rob_dorsal_partition_ids=2 --dram_io_freq=400 --config=/home/barry/projects/github/Mixture-of-Prefetchers/external/athena/config/mop_lite_mab.ini --l2c_prefetcher_types=mlop --config=/home/barry/projects/github/Mixture-of-Prefetchers/external/athena/config/mlop.ini --l2c_prefetcher_types=scooby --config=/home/barry/projects/github/Mixture-of-Prefetchers/external/athena/config/pythia.ini --l2c_prefetcher_force_prefetch_at_llc=true",120683.0
